,CUST_ID,NAME,PASS,EMAIL,POSTAL,CITY,STREET,DATE_JOINED
0,1,Hyatt Gerrelts,M1Btb0,hgerrelts0@tinypic.com,33480,Ylöjärvi,3778 Cascade Street,2017-09-25
1,2,Christabella todor,6heMzB5,ctodor1@printfriendly.com,38780-000,Vazante,05018 Crownhardt Place,2017-02-05
2,3,Christin Toffler,pg71uJML1oO7,ctoffler2@nymag.com,,Poncokusumo,43043 Rusk Pass,2017-01-05
3,4,Alastair Gyver,tkDAGw,agyver3@bluehost.com,,Jiazhuyuan,1680 Reindahl Trail,2017-05-27
4,5,Florentia Aubri,gl6xI9,faubri4@usa.gov,,Baş Göynük,384 Manitowish Terrace,2017-09-12
5,6,Gilligan Sampey,6m3bo6HMH,gsampey5@theglobeandmail.com,42006,Obeliai,8 Blackbird Street,2017-05-01
6,7,Kizzee Le Strange,KcvN2QKT,kle6@census.gov,5544,Luján de Cuyo,096 Oakridge Center,2017-03-22
7,8,Rosene Graysmark,66PrQdTBr1Y,rgraysmark7@nhs.uk,,Shipu,683 Mosinee Alley,2017-06-14
8,9,Joannes Cicchillo,CtM0N9,jcicchillo8@ibm.com,,Hulyaypole,99 Lukken Circle,2017-02-04
9,10,Pollyanna Fores,skMWgTPbUD8r,pfores9@prlog.org,,Darungan,5621 Chive Hill,2017-05-26
10,11,Starr Brockelsby,D0NJEfnq,sbrockelsbya@goodreads.com,,Yuquan,412 Myrtle Point,2017-09-02
11,12,Arney Lewzey,HdaNnmaO,alewzeyb@forbes.com,56274 CEDEX,Ploemeur,33120 Corscot Court,2017-04-12
12,13,Therese Dorr,U9SGcu6Bl8Mu,tdorrc@salon.com,39-225,Słotowa,5294 Sugar Alley,2017-04-02
13,14,Blondie Grumble,D6K2IZ6o,bgrumbled@blogspot.com,,Batulawang,8 International Point,2017-01-19
14,15,Francoise Ashard,KvoAqCXb2,fasharde@imgur.com,18690-000,Itatinga,5193 Green Ridge Alley,2017-03-16
15,16,Port Le febre,MuVakulEMz7,plef@blinklist.com,86-160,Warlubie,7369 Onsgard Circle,2017-06-06
16,17,Amil Minithorpe,KU26pLhHeMi,aminithorpeg@china.com.cn,38310-000,Freguesia do Ribeirao da Ilha,9 Merchant Street,2017-07-15
17,18,Artair Carlet,zbO9ILOv,acarleth@mozilla.org,,Har-Us,76080 Oakridge Lane,2017-11-10
18,19,Flore Llewhellin,sOubGPbRlEi,fllewhellini@360.cn,89700-000,Concórdia,00278 Center Junction,2017-11-05
19,20,Vasili Bullar,mGIvP29m,vbullarj@sakura.ne.jp,,Kusheriki,358 Jenna Point,2017-02-22
20,21,Cameron Nickoll,jbZxWw,cnickollk@narod.ru,15000-000,São José do Rio Preto,7292 Kennedy Court,2017-08-05
21,22,Hazel Everix,sWZOe04R,heverixl@icq.com,27260,Khlong Hat,788 Canary Place,2017-05-03
22,23,Shelly Tuxsell,6WGB2nPlPZnM,stuxsellm@ebay.com,346930,Novoshakhtinsk,1 Grasskamp Drive,2017-08-14
23,24,Herbert Currell,HHO0VT,hcurrelln@eventbrite.com,,Nanxing,819 Pierstorff Parkway,2016-11-30
24,25,Coraline Rockhall,cMx4pSny7iMQ,crockhallo@reference.com,2440-356,Calvaria de Baixo,64 Mendota Drive,2017-06-21
25,26,Luca Board,xkE3qilMb8,lboardp@who.int,,Áyios Vasílios,0645 Spenser Point,2017-07-01
26,27,Samuele Fozard,kWTYGD9Fulh,sfozardq@discovery.com,,Niejiahe,034 American Ash Terrace,2017-10-27
27,28,Artus Padly,GIoCA0C,apadlyr@xinhuanet.com,26700-000,Mendes,86095 Morning Parkway,2017-04-18
28,29,Ximenes Biesterfeld,jNd4MSsen5Z,xbiesterfelds@senate.gov,,Xinhui,741 Comanche Parkway,2017-04-02
29,30,Mikol Guerrier,r98RqN,mguerriert@go.com,29174 CEDEX,Douarnenez,7664 Oriole Alley,2017-05-15
30,31,Holmes Aspell,LTdqFDTlZEwT,haspellu@mapy.cz,4005,Balading,38 Waxwing Road,2017-04-17
31,32,Si Tatnell,U5obEmtPASPE,statnellv@abc.net.au,,Boundiali,73561 Londonderry Pass,2017-03-23
32,33,Iona Isley,YraQq00xS,iisleyw@google.it,55170,Mae Charim,21 Doe Crossing Way,2017-04-20
33,34,Harv Readwood,RObs14HaXGlj,hreadwoodx@fastcompany.com,300040,Pryamitsyno,122 Pawling Crossing,2017-04-17
34,35,Aharon Pavlitschek,oWqoH2TnPt,apavlitscheky@ftc.gov,,Guidong Chengguanzhen,1252 Ridge Oak Place,2017-07-05
35,36,Zed Dickings,IbLG8iec,zdickingsz@army.mil,,Jindui,828 Ilene Place,2017-10-21
36,37,Mia Jesper,Xt2ucYwiklW,mjesper10@rediff.com,,Dzüünbulag,971 Dapin Pass,2017-01-29
37,38,Blondelle Sign,2Rxaw2LWkS,bsign11@instagram.com,10105,New York City,9 Nancy Junction,2017-08-04
38,39,Jenilee Drowsfield,Nd34Zec,jdrowsfield12@examiner.com,188680,Koltushi,23 Waxwing Junction,2017-09-19
39,40,Tirrell Karpman,XrbvNEZNG,tkarpman13@rakuten.co.jp,,Köneürgench,2348 Dunning Pass,2017-03-30
40,41,Clem Agget,x7U4Xl,cagget14@1688.com,3505,Estefania,6 Kensington Court,2017-05-11
41,42,Aleece Cordsen,lFJy75,acordsen15@friendfeed.com,,Al Qurḩ,853 Bunker Hill Road,2017-09-27
42,43,Abigale Welbourn,jgbMLFWt4,awelbourn16@feedburner.com,58-562,Podgórzyn,1702 2nd Parkway,2017-08-19
43,44,Sharla Cristea,w2jHy7h,scristea17@statcounter.com,,Chimanimani,4132 Sherman Lane,2017-10-10
44,45,Boigie Gutteridge,4ku6Psd,bgutteridge18@flavors.me,,Şirvan,7 Valley Edge Junction,2017-10-16
45,46,Marsha Copplestone,KUKxd49,mcopplestone19@google.com,,Musalerr,244 Clarendon Lane,2017-03-09
46,47,Emogene Clines,eVDGWH5I,eclines1a@about.me,,Cidadap,1670 Hudson Way,2017-10-05
47,48,Rolando Hodgins,AiVF0XhM,rhodgins1b@i2i.jp,,Colquemarca,04403 Melody Court,2017-10-17
48,49,Scot Sprowle,RBb1KeYIb,ssprowle1c@home.pl,90110,Bang Klam,8 Farmco Road,2017-01-15
49,50,Iver Johnsee,U3S5hAc3k,ijohnsee1d@geocities.jp,38-213,Kołaczyce,7 Fair Oaks Terrace,2017-08-31
50,51,Enriqueta O'Hengerty,ocK7ki9SBCBH,eohengerty1e@cyberchimps.com,,Skála Oropoú,40 Onsgard Road,2017-04-26
51,52,Alayne Ballchin,MH7TTOt0h,aballchin1f@tiny.cc,368997,Karata,93838 Bartelt Center,2016-11-26
52,53,Skylar Forstall,AhppyWPx,sforstall1g@odnoklassniki.ru,,Mahīn,93 Marquette Point,2017-03-23
53,54,Jon Kopta,IoGejN6wX3j,jkopta1h@lulu.com,90065,Los Angeles,4798 Acker Alley,2016-11-20
54,55,Amanda Drance,C9MaeZQmU,adrance1i@howstuffworks.com,,Shaliangzi,270 Del Mar Street,2017-09-01
55,56,Sharron Kinkade,oC3xasmkz3,skinkade1j@upenn.edu,,Zhentian,3321 Birchwood Lane,2017-08-29
56,57,Hyacinthia McNeely,DE9APZDqU1Hn,hmcneely1k@bluehost.com,3012,Drammen,20498 Corscot Avenue,2017-10-22
57,58,Jacinthe Wescott,SRo7qOUN,jwescott1l@twitter.com,,Al Majāridah,98 Fulton Point,2017-03-14
58,59,Kalila Jordin,bQ4PuLs2,kjordin1m@uol.com.br,,Xiaomenjia,8 Center Pass,2017-04-09
59,60,Sophi Deroche,dpGnAFyt1,sderoche1n@eventbrite.com,,Era,921 Buell Alley,2017-10-30
60,61,Dallas Croan,amfk88,dcroan1o@csmonitor.com,,Cikupa,3712 Fairfield Road,2017-05-11
61,62,Vittorio Barbery,3MbC0G8UE,vbarbery1p@github.com,662686,Izmaylovo,0 Lukken Place,2017-08-23
62,63,Marney Pinnington,cuoCc50Kjv,mpinnington1q@discovery.com,8300,Tandag,2271 Hintze Drive,2017-03-23
63,64,Dickie Pendry,KXk8mEV,dpendry1r@ustream.tv,,Peristerá,935 Sundown Way,2017-07-12
64,65,Clare Papez,VtMlQX,cpapez1s@house.gov,658089,Novoaltaysk,4 Butterfield Junction,2017-04-15
65,66,Ronalda Zanolli,NRwl5DuwLyA,rzanolli1t@fema.gov,J1S,Windsor,69 Sachs Alley,2017-08-04
66,67,Whitney Wisden,8lVj9Uj,wwisden1u@cpanel.net,421 46,Västra Frölunda,9595 Thackeray Circle,2017-03-04
67,68,Frankie Allder,cSckcq8Yo,fallder1v@drupal.org,53700-000,Itapissuma,49 Farwell Road,2017-11-08
68,69,Ange Dani,xlXvYbPbRkPF,adani1w@delicious.com,,Cileueur,62 Transport Court,2017-03-26
69,70,Duke Antal,RWsse1qHey,dantal1x@yahoo.co.jp,,Qingshuitang,95 Hauk Pass,2017-03-24
70,71,Briana Roose,ZfcioDv,broose1y@omniture.com,6101,Bago City,485 Moulton Alley,2017-05-28
71,72,Maxy Trevascus,MfnsM0ykZhzQ,mtrevascus1z@blogger.com,,Zhajin,491 Evergreen Trail,2017-04-15
72,73,Becky Witcher,MPBZLtzbC,bwitcher20@boston.com,69644 CEDEX,Caluire-et-Cuire,70 Walton Pass,2017-08-04
73,74,Giorgi Couch,qc4027F,gcouch21@howstuffworks.com,06-216,Sypniewo,855 Towne Place,2017-10-05
74,75,Chlo Malkin,1WetCgmZJBPh,cmalkin22@free.fr,36240-000,Santos Dumont,9688 American Ash Hill,2016-12-18
75,76,Norman Oppie,HYr02u1EkdgL,noppie23@w3.org,1141,Masaling,450 Fallview Circle,2016-12-18
76,77,Vasily Richardes,b2pdQ9FjoE,vrichardes24@nba.com,30104 CEDEX,Alès,0 Lunder Place,2017-04-28
77,78,Timothy Lympenie,YiBtp61TJTt,tlympenie25@liveinternet.ru,731048,Líbano,19 Waubesa Place,2017-01-30
78,79,Mohammed Nayshe,3xs5zntUN,mnayshe26@w3.org,,Bogorame,4 Mallard Hill,2017-09-16
79,80,Aldridge Bortolussi,j5g7vOV,abortolussi27@jigsy.com,77493,Katy,0681 Dryden Terrace,2017-04-26
80,81,Trudey McKeeman,HuERc24UWWoI,tmckeeman28@sohu.com,,Zhongba,35 Lien Court,2016-12-07
81,82,Morgen Rintoul,HZapdr224r8,mrintoul29@miibeian.gov.cn,4805-178,Donim,4 Dwight Alley,2017-06-23
82,83,Hendrik Pennrington,3XSFY5bX31bh,hpennrington2a@mozilla.org,,Sinchao,491 Melvin Pass,2017-05-07
83,84,Jeniece Marrows,QxZ3ZT1Ce,jmarrows2b@spiegel.de,95405,Santa Rosa,1237 Barnett Drive,2017-10-29
84,85,Wynn Brumwell,SSrwgAa,wbrumwell2c@fda.gov,,Uujim,33120 Mandrake Junction,2017-06-23
85,86,Christel Lett,PPTzFGCC,clett2d@g.co,,La Paz,1 Brentwood Terrace,2017-01-14
86,87,Michell Oaker,Sn0iSLQHgqOW,moaker2e@usa.gov,,Belén Gualcho,0726 Bunker Hill Drive,2016-11-29
87,88,Cesaro Pudden,WH1aTpmX9J,cpudden2f@intel.com,64150-000,Matias Olímpio,971 Division Park,2017-05-04
88,89,Darryl Terron,7scNrOMIi,dterron2g@google.com.au,,Xinyang,15 Pine View Parkway,2017-05-26
89,90,Fletcher Castillo,B6XYzafotw,fcastillo2h@vk.com,4575-069,Serra,393 Northridge Crossing,2017-06-17
90,91,Gerrie Colleck,aQL7BqmKTgB,gcolleck2i@dailymail.co.uk,,Kaduranca,10 Sutherland Court,2017-02-15
91,92,Normie Fasler,ryEnAa,nfasler2j@youtu.be,,Sobeok,8 Amoth Plaza,2017-04-22
92,93,Magdalen Arkill,Zsuk3O4H2,markill2k@theatlantic.com,,Ulcinj,8423 Kingsford Way,2017-02-10
93,94,Catlaina Grove,PE9KGVKz56,cgrove2l@youtu.be,590 73,Ljungsbro,8 Ohio Avenue,2016-12-25
94,95,Jorrie Cutridge,fwP5J2t0eKtV,jcutridge2m@thetimes.co.uk,,Marmárion,2782 Superior Point,2017-03-22
95,96,Norah O'Coskerry,smzhX7,nocoskerry2n@amazon.co.uk,56019 CEDEX,Vannes,83254 Parkside Drive,2016-12-01
96,97,Gaspard Lount,vI4q7d7Sn,glount2o@wikispaces.com,,Samoljica,00455 Petterle Way,2017-07-18
97,98,Avram Beddard,wEubPZQhK,abeddard2p@go.com,,Shancheng,23 Graceland Crossing,2017-03-14
98,99,Augustus D'Andrea,zYuL4sd,adandrea2q@soundcloud.com,,Shanting,0 Eastwood Trail,2016-12-16
99,100,Jess Comino,EQKFh9Re,jcomino2r@deliciousdays.com,632498,Nogliki,126 Eggendart Center,2017-07-18
100,101,Tarrah MacCracken,doY41WiNr5,tmaccracken2s@acquirethisname.com,,Protaras,544 Sutteridge Alley,2017-09-12
101,102,Liam Sanz,EpxPRrnMT0G6,lsanz2t@ihg.com,93017,Neringa,478 Vahlen Terrace,2017-08-30
102,103,Dunc Stranieri,qNl9We,dstranieri2u@salon.com,97650-000,Itaqui,17618 Claremont Street,2017-04-06
103,104,Randall Colles,MK5pGg2Pu,rcolles2v@ebay.co.uk,8604,Magallanes,8598 Graceland Court,2017-07-27
104,105,Pincas Killelay,He4ZZc78PgMq,pkillelay2w@uol.com.br,,Palapye,84 Ridgeview Trail,2016-11-18
105,106,Evania Montier,YLhqdPnik,emontier2x@google.it,L9T,Milton,1 Esker Avenue,2017-09-10
106,107,Mora Easton,mtzHAkEZW72p,measton2y@php.net,,Kostyantynivka,6 Fairfield Crossing,2017-05-26
107,108,Alon Lowless,4rWNPc5In,alowless2z@is.gd,,Jifarong,1 Express Street,2017-11-01
108,109,Gustavus Dyett,A797TkEl4,gdyett30@aboutads.info,,Shuangxi,7 Esker Road,2017-10-21
109,110,Ingaberg Perelli,wWiPI8Qjh7CL,iperelli31@example.com,75280 CEDEX 06,Paris 06,60637 Larry Road,2017-10-27
110,111,Dennie Strevens,pzowg1q,dstrevens32@redcross.org,,Aotou,04297 Esker Drive,2017-11-05
111,112,Bobbye Bottell,XudDdwY3,bbottell33@ameblo.jp,,Winong,89446 Donald Street,2017-10-28
112,113,Karoline Rice,c5E13Kejlx,krice34@admin.ch,989-1505,Ono,61225 Nancy Junction,2017-07-30
113,114,Ailene Mordey,g03QZsq1CXXI,amordey35@chronoengine.com,,Jumpangdua,4 Mallard Way,2017-03-09
114,115,Laryssa Erwin,l1YMzMVbLZ,lerwin36@mashable.com,9612,Talayan,62369 Miller Parkway,2017-09-07
115,116,Eugenius Millsap,sc6UkHJ,emillsap37@slideshare.net,,Uíge,7357 Sutteridge Circle,2017-05-17
116,117,Arnie Bygrave,e37209rXaa,abygrave38@addtoany.com,760529,Dagua,5 Morningstar Center,2017-05-18
117,118,Kristopher Witten,27n0eJcd3,kwitten39@ca.gov,,Aqqan,0 Monica Junction,2017-06-02
118,119,Alyse Coche,A4JGvotthDLR,acoche3a@tamu.edu,,Maglaj,9 Red Cloud Circle,2016-11-25
119,120,Blaire Bucke,ceBVZIS3M,bbucke3b@google.es,,Hor,477 Westend Center,2017-03-23
120,121,Glynnis Lloyd-Williams,X0g5rZnNBtqT,glloydwilliams3c@imdb.com,,Willemstad,50226 Oriole Park,2017-08-23
121,122,Mannie Keats,eprsCvNJntlr,mkeats3d@sohu.com,,Baoyang,35 Green Ridge Center,2017-10-01
122,123,Avigdor Mallows,FvhmCx,amallows3e@blogger.com,671410,Khorinsk,9 Duke Court,2017-02-11
123,124,Mattie Swanston,9Z8T7fO1LQ,mswanston3f@linkedin.com,,Sarykemer,85 Moulton Parkway,2017-05-14
124,125,Dev Danilyak,2lyG9NWKDO,ddanilyak3g@wix.com,4815-014,Lordelo,5422 Luster Crossing,2017-01-29
125,126,Juanita Batchan,TNgyifr,jbatchan3h@skype.com,,Taibao,455 7th Place,2017-01-30
126,127,Yorker Bartolomeo,jYSF0Uy0rMJE,ybartolomeo3i@noaa.gov,,Shanghu,7264 Lien Road,2017-04-27
127,128,Flynn McGrotty,r7uWiRwMz7,fmcgrotty3j@wordpress.org,,Kremidivka,16853 Katie Alley,2017-03-13
128,129,Koressa Sargerson,bJmvyH4JZ,ksargerson3k@clickbank.net,,Stylída,5 Prairie Rose Pass,2016-12-27
129,130,Nanine Bellew,INpK0aDtQQk,nbellew3l@wordpress.org,117 43,Stockholm,16 Sloan Hill,2017-10-31
130,131,Stephie O'Connor,hp6xdii,soconnor3m@oracle.com,,Zamostochcha,486 Hollow Ridge Way,2017-07-30
131,132,Maurise Hillan,DYQ7bO,mhillan3n@tripadvisor.com,,Kotanopan,0 Lillian Street,2016-12-01
132,133,Kipp Litzmann,NoSnwb,klitzmann3o@1688.com,5249,Rosmalen,47 Dapin Road,2017-03-19
133,134,Merola Pleager,ATktPIKpgzr,mpleager3p@hexun.com,8357,Mariano Moreno,583 Chive Point,2017-04-17
134,135,Winona Campo,N8iGQZg9,wcampo3q@google.ru,54516 CEDEX,Vandœuvre-lès-Nancy,13839 Lyons Plaza,2017-01-18
135,136,Ricky Feldberg,KrU3zrtfGyi,rfeldberg3r@samsung.com,,Agua Fría,585 Mesta Way,2017-06-11
136,137,Polly Phette,NpfNn3gc,pphette3s@latimes.com,55100,Kuala Lumpur,414 Londonderry Parkway,2017-01-06
137,138,Alejoa Tonry,moYBsw,atonry3t@elpais.com,352020,Kislyakovskaya,6240 Holy Cross Circle,2017-08-07
138,139,Dorey Jocic,aBKPCb,djocic3u@princeton.edu,,San Felipe,8 Anthes Parkway,2017-08-14
139,140,Clive Dabel,ANm0E59A9b7,cdabel3v@edublogs.org,,Drien Rampak,10854 Nancy Place,2017-02-14
140,141,Zola Scothorn,otX6Nn,zscothorn3w@imageshack.us,,Bhalil,1 Morningstar Terrace,2016-12-28
141,142,Dukey Chinge,ExCDSv97OkKV,dchinge3x@tripod.com,06300-000,Carapicuíba,64 Grasskamp Junction,2017-06-10
142,143,Michelle Ghilardi,0hF3cybvzbJ,mghilardi3y@meetup.com,,Gaxung,7390 Fair Oaks Street,2016-12-18
143,144,Bartolemo Skune,dqFUYYo,bskune3z@mtv.com,,Cuogang,32019 Claremont Place,2017-05-24
144,145,Rubie Lorenz,wI0hwsfceH,rlorenz40@thetimes.co.uk,66180,Wang Sai Phun,46 Claremont Hill,2017-07-21
145,146,Bellanca McLukie,2Qz12r,bmclukie41@samsung.com,,Wutongkou,40385 Brickson Park Alley,2016-12-23
146,147,Byran Scotsbrook,VWJDcy3qb2,bscotsbrook42@marketwatch.com,,Perches,0 Melrose Place,2017-03-13
147,148,Chrysler Heckle,S62PiJex,checkle43@altervista.org,2510,Bulo,03509 Weeping Birch Alley,2017-08-29
148,149,Herculie McConway,lXNPbij,hmcconway44@a8.net,,Chakaray,4 Maple Point,2017-02-05
149,150,Gert Whitta,RgvbwzmfsyGi,gwhitta45@hp.com,,Daya,338 Burrows Alley,2017-08-28
150,151,Igor Rickword,7UAUqsOl7kpj,irickword46@gov.uk,,Thívai,060 Rusk Trail,2017-03-24
151,152,Neall Fridaye,oXuJbi4X,nfridaye47@deliciousdays.com,,Gakovo,3 Westridge Parkway,2016-12-12
152,153,Noell Scrine,kE274od45r,nscrine48@ibm.com,10309,Villa Consuelo,0 Corben Junction,2017-10-23
153,154,Arabel Dikes,VCR7XhCK,adikes49@archive.org,623650,Tugulym,1242 Tennyson Crossing,2017-04-11
154,155,Agatha Kembley,aeDBDrb00yj,akembley4a@is.gd,,Aduo,9986 Browning Place,2016-12-27
155,156,Kissiah Camelia,VbRL7Y3,kcamelia4b@globo.com,L9G,Lac-Brome,2 Elka Crossing,2017-08-22
156,157,Terrence Slocket,Lg7C7Px,tslocket4c@dagondesign.com,4516,Santa Justina,62 Hayes Plaza,2017-07-08
157,158,Tan Fontes,Ovdn66bZv6A,tfontes4d@thetimes.co.uk,2121,Pérez,547 Gateway Pass,2017-10-04
158,159,Kaine Rotherham,CVv6VvXFq,krotherham4e@prlog.org,,Ouani,4 Transport Lane,2016-12-22
159,160,Amaleta Peizer,21YpcWXqs7B,apeizer4f@xrea.com,,Guandukou,7 Jana Hill,2017-08-04
160,161,Emmott Lax,kPy1wStDF,elax4g@barnesandnoble.com,,Sonta,60 Corben Road,2016-11-18
161,162,Gauthier Woofenden,tUz0jDDH,gwoofenden4h@infoseek.co.jp,19-330,Stare Juchy,88007 Rowland Place,2017-05-18
162,163,Maurise Kornilyev,2dpOU09Q,mkornilyev4i@homestead.com,,Longquan,243 Schiller Alley,2017-04-04
163,164,Rosalind Fontaine,Y1rnw60,rfontaine4j@dailymotion.com,93285 CEDEX,Saint-Denis,60 Sunnyside Circle,2017-03-15
164,165,Waylan Thorneloe,KpLGo3UVEk7,wthorneloe4k@newyorker.com,94263,Sacramento,0000 Talisman Terrace,2017-09-14
165,166,Bendick McClaughlin,lkcEci,bmcclaughlin4l@dot.gov,,Sungailiat,80 Melvin Junction,2017-02-18
166,167,Thekla Vedeneev,AtXUbZgVhM,tvedeneev4m@hud.gov,,Qingjiangqiao,056 Dottie Center,2017-02-23
167,168,Ignaz Bridgen,NSOPtJNx,ibridgen4n@simplemachines.org,,Zhangyang,2413 Green Junction,2017-05-05
168,169,Elwira Blinde,2aiQOC,eblinde4o@indiegogo.com,V94,Ardee,201 Forster Center,2017-10-09
169,170,Kyrstin Royston,RDKYN8eFzF,kroyston4p@illinois.edu,96-232,Regnów,2504 Norway Maple Junction,2017-10-26
170,171,Clayson Troak,Nz2kJJ,ctroak4q@imgur.com,6625,Port Saint John’s,547 Summerview Street,2017-09-22
171,172,Son Keward,ACTPY096c11s,skeward4r@icq.com,,Enhe Hada,57 Paget Alley,2017-02-15
172,173,Regan Saterweyte,xWh38p,rsaterweyte4s@twitter.com,3060-629,Cochadas,11 Farwell Drive,2017-07-21
173,174,Mei Dingivan,NUgrKs,mdingivan4t@amazon.com,,Nglengkir,50328 Sundown Circle,2017-02-02
174,175,Sutton Mugg,q7dZ2v,smugg4u@hao123.com,,Nagasari,134 Ilene Terrace,2017-10-09
175,176,Bobbie Benduhn,SplbDmzBhHR,bbenduhn4v@amazon.com,,Tanjungpati,084 Katie Crossing,2017-11-09
176,177,Maitilde Mullany,XqjESWe,mmullany4w@microsoft.com,591 05,Motala,050 Ridge Oak Parkway,2017-07-11
177,178,Katleen Heinsen,7A9NSMCIx8c,kheinsen4x@jimdo.com,06-302,Przasnysz,1 Garrison Junction,2017-07-03
178,179,Bert Petrakov,s2FC3PlSB,bpetrakov4y@rediff.com,6704,Lanat,71 Colorado Center,2016-12-23
179,180,Dedra Dyster,flMPsS,ddyster4z@nba.com,,Agbani,26292 Bluejay Junction,2016-12-19
180,181,Wallas Govan,Q62ZRnE4iJO,wgovan50@wiley.com,,Cigembong,2190 Calypso Avenue,2017-02-24
181,182,Maddi McLugish,38qjM7n,mmclugish51@youtube.com,,Liangwa,13 Village Green Center,2017-06-02
182,183,Randolph Sollon,S7g7nIdfE,rsollon52@paypal.com,152850,Poshekhon’ye,7 Memorial Alley,2017-02-25
183,184,Eric Barts,KWD9Hm,ebarts53@virginia.edu,,Çepan,9154 Hudson Lane,2017-05-29
184,185,Clarette Neagle,iWEfLPlP3xB,cneagle54@mapy.cz,603899,Luknovo,8778 Glendale Parkway,2017-09-13
185,186,Margery Litherborough,C2bvGn,mlitherborough55@google.fr,,Niuzhuang,75241 Burning Wood Road,2017-06-08
186,187,Elvyn Piell,ZFVPrDrfK2I,epiell56@cbc.ca,85754,Tucson,2199 Melody Plaza,2017-06-25
187,188,Mollee Anten,clHdoAbL4,manten57@nydailynews.com,25050,Chapultepec,1506 Autumn Leaf Terrace,2016-12-03
188,189,Lutero Dallow,fIdHu6rbtT,ldallow58@360.cn,263 36,Höganäs,4 Ridgeview Park,2017-10-17
189,190,Tamra Doneld,Li5o4rZHMNi,tdoneld59@hatena.ne.jp,B3S,Peachland,107 Scott Way,2017-08-31
190,191,Bobby Bromell,qsxksDJ8d,bbromell5a@ucoz.com,457 81,Tanumshede,6 Lukken Junction,2017-11-07
191,192,Hynda Adamthwaite,tA7QXFMBSQZb,hadamthwaite5b@sitemeter.com,,Chuanshan,966 Rowland Center,2017-02-26
192,193,Anna-maria Carillo,WoF4XQ7YTHg,acarillo5c@msn.com,453259,Salavat,2 Eagle Crest Lane,2017-05-12
193,194,Upton MacIlriach,rShFkP,umacilriach5d@amazon.co.jp,22010,Jerez,435 Farmco Avenue,2017-08-12
194,195,Dorella Paolini,ikJX33y,dpaolini5e@mozilla.org,,Yabēlo,747 Clarendon Parkway,2016-11-30
195,196,Dyanna Fackrell,aMWV25,dfackrell5f@about.me,,Isfara,329 Buhler Park,2017-01-07
196,197,Louise Cleevely,jI7iHt3R,lcleevely5g@wordpress.org,58-530,Kowary,2 Tennyson Trail,2016-11-24
197,198,Norine Caro,VYeqYMb7yy,ncaro5h@mapy.cz,,Gbawe,06 Shoshone Avenue,2017-01-27
198,199,Killian Brixey,x8TkMNlC6,kbrixey5i@google.it,595 52,Mjölby,76069 Sachtjen Street,2017-03-20
199,200,Abby Praton,1jTT1j5TyUu,apraton5j@wordpress.org,38126,Braunschweig,211 Dovetail Point,2017-10-10
200,201,Concettina Eshmade,cUDr1lsUs,ceshmade5k@tamu.edu,P31,Cherryville,96 Village Road,2017-04-02
201,202,Gareth Dolbey,RbJEY2,gdolbey5l@weather.com,,Mali,13417 Saint Paul Alley,2017-11-10
202,203,Errick Millett,BBgtwt,emillett5m@pen.io,352272,Udobnaya,21 Autumn Leaf Hill,2017-11-02
203,204,Bertrand Linzey,apCwt0L50QG,blinzey5n@mail.ru,,Guanba,73 Chive Parkway,2017-04-14
204,205,Worthington Van den Broek,uBeEjnGB06C3,wvan5o@bbb.org,,Hanjiaji,28917 Mayer Trail,2017-03-08
205,206,Crystie Clementi,RGs3lESj,cclementi5p@naver.com,8722,Lurugan,42 Towne Center,2017-03-16
206,207,Roanna Hagyard,s9BDj1F,rhagyard5q@mapquest.com,,Dongshan,5 Farmco Plaza,2017-03-05
207,208,Tania Earry,fUh6CAGZvULJ,tearry5r@instagram.com,,Songbo,7 Prentice Point,2017-04-24
208,209,Masha Ratt,Tq9oOmR,mratt5s@issuu.com,,Qumudi,0412 Arkansas Parkway,2017-04-12
209,210,Fleurette Parish,TklOsbvE,fparish5t@mapquest.com,10662,Pulau Pinang,80770 Buell Road,2017-01-04
210,211,Pier Gniewosz,lFops8J,pgniewosz5u@bigcartel.com,71703,La Guadalupe,0073 Iowa Alley,2017-09-06
211,212,Mannie Monkton,BWPAiaF,mmonkton5v@deviantart.com,7213,Concepcion,2 Bay Terrace,2017-04-30
212,213,Anabella Jodkowski,BMqE91Qf0yBZ,ajodkowski5w@networkadvertising.org,,Arroyo Naranjo,7 Fordem Trail,2017-02-17
213,214,Coletta Meugens,YHfrYbiqJ5,cmeugens5x@photobucket.com,72768,Reutlingen,9 Mandrake Place,2017-08-20
214,215,Barbee Ramsey,zMuiUb9tnPSP,bramsey5y@wikipedia.org,435 84,Mölnlycke,0 Shasta Drive,2017-04-11
215,216,Etty Murley,61R1fPAIH8DB,emurley5z@latimes.com,,Massakory,51 Acker Court,2017-11-03
216,217,Vittoria Casely,IxQlcH,vcasely60@ucoz.ru,,Kuala Belait,948 Jana Avenue,2017-06-02
217,218,Garvy O'Crotty,w4njvrqPKwpj,gocrotty61@amazon.co.jp,,Jorochito,1286 Beilfuss Point,2017-10-18
218,219,Verina McOrkil,aGz6eVDIE6wR,vmcorkil62@nih.gov,,La Oroya,70 Arrowood Way,2016-12-02
219,220,Ronald Condon,s2gvPpQlvwL7,rcondon63@wikispaces.com,639-2332,Shimo-furano,87 Bultman Way,2016-12-11
220,221,Gunar Vossing,2DosXG,gvossing64@adobe.com,57820-000,Murici,7 Lien Plaza,2017-06-03
221,222,Keefe Baumer,OwhqMSqPyB,kbaumer65@ustream.tv,,Badu,80 Westridge Avenue,2017-11-01
222,223,Dorthea Cudworth,zmXmkA26C,dcudworth66@yale.edu,,Baiyang,754 Eastwood Plaza,2017-04-16
223,224,Stacee Behnecke,OaFhetv3ub,sbehnecke67@cornell.edu,,Tuohua,1 Buell Crossing,2017-05-31
224,225,Winifred Heald,r4LsBoVP0Ym,wheald68@cbc.ca,09000-000,Santo André,601 Rieder Street,2017-08-24
225,226,Sherman Keunemann,0i0l1OADInq,skeunemann69@cbslocal.com,78225,San Antonio,6 Oakridge Trail,2016-12-23
226,227,Desmond Parrett,YB1CnV7T,dparrett6a@ocn.ne.jp,267 51,Zdice,632 Sachtjen Drive,2017-10-16
227,228,Kristofor Phillipps,YiC7VUw,kphillipps6b@mit.edu,12500-000,Guaratinguetá,93824 Coleman Point,2017-10-02
228,229,Terrye Esmead,gO3x5BCq,tesmead6c@people.com.cn,,Meishan,59 Golf Course Crossing,2017-03-27
229,230,Hamilton Valencia,EArU31XJou,hvalencia6d@goo.gl,,Druya,9752 Gina Center,2017-02-15
230,231,Alix Carbett,k9v3z06Ixv8h,acarbett6e@xing.com,10307,Patarrá,0264 Utah Point,2017-02-19
231,232,Markos Sailor,xZuRcnwo,msailor6f@msu.edu,,Saparua,914 Cherokee Alley,2017-04-07
232,233,Burr Brookwell,RG1PfVbqOUMA,bbrookwell6g@chronoengine.com,,Karangtengah,36 Jana Pass,2017-04-09
233,234,Millicent Gaymer,wdRU6L8,mgaymer6h@devhub.com,1774,Budta,1938 Anhalt Point,2017-08-07
234,235,Meggie Bromilow,lWNn2zoB,mbromilow6i@columbia.edu,,Ternopil’,77 Blackbird Crossing,2017-04-14
235,236,Jesse Parlor,ezqj5qOSenIv,jparlor6j@berkeley.edu,141 53,Huddinge,0 Schmedeman Pass,2017-03-29
236,237,Lydon De Ferrari,UeW3Oq,lde6k@networksolutions.com,,Putatbasiun,1959 Grasskamp Junction,2017-05-19
237,238,Jessy Lauga,UG6uKudLz,jlauga6l@devhub.com,,Bontang,77759 Sloan Junction,2017-09-02
238,239,Tab Eagle,G9AFsaq7X,teagle6m@cbsnews.com,,Jammāl,5678 Mayer Street,2017-09-22
239,240,Bonita Riddlesden,4wXZWUqiHNIW,briddlesden6n@addthis.com,38197,Memphis,27 Mesta Plaza,2016-12-10
240,241,Rivi Oakhill,y3KqbJgqVyD,roakhill6o@skyrock.com,,Kyzylzhar,776 Logan Hill,2017-08-19
241,242,Evelyn Sprade,8ncTdevP6,esprade6p@latimes.com,,Dashtobod,8 La Follette Place,2016-12-18
242,243,Britteny Moehler,zYXcXYI,bmoehler6q@sitemeter.com,,Shuangtang,800 Northport Avenue,2017-05-20
243,244,Sven Liley,EOr2iOlH,sliley6r@umich.edu,141707,Novokhovrino,87 Macpherson Pass,2017-01-24
244,245,Warner Ickovici,cc6grWpUPo6u,wickovici6s@guardian.co.uk,366609,Shaami-Yurt,8971 Mayer Point,2016-12-25
245,246,Ennis Side,FlRDWRIDcpjI,eside6t@nps.gov,391448,Sasovo,42198 Oxford Crossing,2017-03-23
246,247,Duane Osmond,tp3qdc,dosmond6u@amazon.co.uk,7677,Dulovo,670 Scofield Drive,2017-04-16
247,248,Jilli Fallows,UJY5F3O0Ko,jfallows6v@guardian.co.uk,1028,Bronkhorstspruit,95318 Lillian Street,2017-05-16
248,249,Teddy Ainscow,ueNCuqGZG5,tainscow6w@slate.com,140579,Vostryakovo,6016 Shoshone Crossing,2017-01-18
249,250,Philly Huller,VBrAhGm2j,phuller6x@washington.edu,,Ambositra,043 Hazelcrest Place,2017-06-25
250,251,Clare Turrill,mLXV2hRi93v,cturrill6y@jugem.jp,,Cuamba,83574 South Point,2017-05-21
251,252,Hendrika Fosbraey,vywn1Skw2gQF,hfosbraey6z@ehow.com,,Kabarnet,24 Sutteridge Drive,2017-07-16
252,253,Ethelda Brunicke,x2cIjjdMm6MB,ebrunicke70@feedburner.com,,Imulolong,43 Eliot Pass,2017-11-06
253,254,Averill Scriver,XgQRn9iGv5FF,ascriver71@prlog.org,,Bashan,91 Fair Oaks Park,2017-03-05
254,255,Tadeas Barson,wMm6aot1NYpV,tbarson72@networksolutions.com,6500,Svilengrad,8240 Dexter Junction,2016-12-28
255,256,Annamaria Scammonden,AnnerGT,ascammonden73@imdb.com,,Huagai,1 Veith Trail,2017-11-04
256,257,Malissia Fazackerley,JU8cYIJSR,mfazackerley74@rambler.ru,,Anju,4019 Green Ridge Avenue,2017-10-22
257,258,Althea Banaszkiewicz,gygjfT,abanaszkiewicz75@businesswire.com,32-067,Wola Filipowska,3228 Kings Avenue,2017-06-15
258,259,Jarrid Christophe,0qidU3E0C,jchristophe76@webeden.co.uk,,Krajan Selatan,685 Garrison Parkway,2016-11-23
259,260,Israel Patshull,zfBMEwO2Yf,ipatshull77@si.edu,,Rokoy,4 Dakota Road,2017-01-08
260,261,Jayne Pigden,So7ziQN,jpigden78@prlog.org,42-610,Miasteczko Śląskie,55021 Ruskin Hill,2016-12-25
261,262,Horten Rodbourne,n9iEIk,hrodbourne79@umn.edu,26700-000,Mendes,11295 Glacier Hill Park,2017-11-02
262,263,Drake Kinze,CpUTG2NWp3oO,dkinze7a@forbes.com,,Jishan,04240 Commercial Place,2017-10-20
263,264,Carly Barrett,yXP9HXbps8tS,cbarrett7b@github.com,,Pindiga,5161 Buell Road,2017-04-22
264,265,Ole Tredget,fdrO4uSsj,otredget7c@sfgate.com,,Novyy Starodub,3 Schiller Center,2017-09-15
265,266,Filberto Castello,mFXN4BYy2hV,fcastello7d@prweb.com,74-503,Moryń,2615 Michigan Terrace,2017-04-04
266,267,Lotte Gehrtz,rt1tnI39Sfs8,lgehrtz7e@zimbio.com,,Huibu,46 Bunting Road,2017-09-21
267,268,Vivyanne Clacey,ad89utlKCBb7,vclacey7f@omniture.com,,Yosowilangun,68024 Nobel Avenue,2017-07-13
268,269,Melony Goford,Sj2xPXzTKP,mgoford7g@merriam-webster.com,731067,Murillo,117 Welch Terrace,2017-04-30
269,270,Bobinette Ovendon,ueY1x0,bovendon7h@wired.com,167 31,Bromma,39091 Mcguire Terrace,2017-01-29
270,271,Ruperto Sayes,DXsQV4CdxA,rsayes7i@ihg.com,,Capellanía,293 Scofield Terrace,2017-08-03
271,272,Vinson McMullen,Sy29AOdav6r,vmcmullen7j@furl.net,34504 CEDEX,Béziers,96 Delaware Drive,2017-11-08
272,273,Chere Franzonetti,keMK6y,cfranzonetti7k@nifty.com,,Chengxi,23 Memorial Lane,2017-01-27
273,274,Lara Cullington,iYHgpbYH,lcullington7l@upenn.edu,,Cilolohan,72472 Pawling Circle,2017-02-12
274,275,Adel Esley,OYi5AlI6Xph,aesley7m@delicious.com,,Souq Larb’a al Gharb,941 Eggendart Way,2016-12-02
275,276,Cortney Bartali,QG7YkKv,cbartali7n@scribd.com,71-899,Szczecin,70892 Mayer Crossing,2017-08-19
276,277,Margery Smeaton,MymAdAQnctv,msmeaton7o@topsy.com,L-9170,Mertzig,57040 Sommers Road,2017-10-25
277,278,Sybilla Twist,MqeAtuIjrclR,stwist7p@t.co,6100-460,Portela,23622 Merry Place,2017-06-27
278,279,Letisha Scowcraft,h1pC64DCXT2,lscowcraft7q@google.com.au,1381,Rakek,262 Pleasure Pass,2017-08-25
279,280,Meg Stairs,3M3VXFgeLbT,mstairs7r@addthis.com,,Dongxi,66019 Meadow Valley Avenue,2017-07-23
280,281,Lauren Leon,0rXby4b84,lleon7s@cargocollective.com,,Shūsh,62629 Eagan Alley,2016-12-15
281,282,Candra Harmeston,3QpZO6,charmeston7t@cafepress.com,,Baishui,124 Coleman Crossing,2016-12-15
282,283,Jude Deyes,MdBaJ5a,jdeyes7u@google.nl,675 51,Jaroměřice nad Rokytnou,01 Mallard Lane,2017-04-06
283,284,Moria De la Yglesia,iTHce0zsTkLp,mde7v@github.com,1400,Veles,29097 Cordelia Terrace,2017-01-31
284,285,Easter Deathridge,RBhyfdnF,edeathridge7w@opensource.org,42001,Dhanot,911 Melrose Trail,2017-10-22
285,286,Stesha Genthner,3b17JZfWCtz,sgenthner7x@jalbum.net,3708,Kayapa,1 John Wall Center,2016-12-20
286,287,Sylvia Duprey,5ZPv9j,sduprey7y@rediff.com,,Gunungmanik,5 Northland Park,2017-06-27
287,288,Roth Shorey,GnkKuuCf0i5,rshorey7z@123-reg.co.uk,11-400,Jeziorany,699 Melvin Way,2017-04-08
288,289,Cynde McKinstry,LeWL5euZUC,cmckinstry80@shinystat.com,59-601,Lwówek Śląski,158 South Trail,2016-11-25
289,290,Seka Antoney,b7ZeqSM,santoney81@cafepress.com,,Dong’ao,69 Gina Parkway,2017-11-10
290,291,Feliza Kornousek,KbFal0Tj,fkornousek82@infoseek.co.jp,82-400,Sztum,42004 Fordem Drive,2017-01-02
291,292,Mord Hacard,mWZr3bHKP,mhacard83@jiathis.com,,Cliza,0 Jackson Parkway,2017-07-29
292,293,Sheila-kathryn Sigge,TnepFydC,ssigge84@moonfruit.com,59001,Prienai,98 Donald Lane,2017-04-22
293,294,Vina Asche,zSCrqXiDqq,vasche85@msn.com,404622,Leninsk,99 Cody Junction,2017-03-16
294,295,Gawen Tynemouth,Hs8C7s7,gtynemouth86@seesaa.net,,Kasreman,904 Cherokee Alley,2017-10-14
295,296,Dionne Rival,6NnIdi3YwjH,drival87@msn.com,999-3222,Aioi,645 Del Mar Point,2016-12-23
296,297,Ashia Dobsons,BK3uJmeeIxM6,adobsons88@ox.ac.uk,,Hewan,88786 Veith Pass,2017-08-28
297,298,Tadio Ashborne,UnoOVT,tashborne89@google.ca,92154 CEDEX,Suresnes,1 Calypso Lane,2017-07-05
298,299,Hillard Neath,ml1q30ERnq,hneath8a@un.org,9600-052,Pico da Pedra,79 Maywood Point,2017-01-09
299,300,Gerome Panchin,RziHNItsmtvA,gpanchin8b@kickstarter.com,,Anabar,63266 Rusk Park,2017-05-21
300,301,Olivie Langland,1GzFKJSoYGHn,olangland8c@ezinearticles.com,627750,Topol’noye,21817 Harbort Court,2017-03-11
301,302,Sigismond Martina,lJ731r1utJ,smartina8d@accuweather.com,11907,Pejibaye,03116 Pawling Hill,2017-06-29
302,303,Meggy Stancliffe,kBurQ84B,mstancliffe8e@bandcamp.com,62501,Evijärvi,2432 Sherman Terrace,2017-08-14
303,304,Ichabod Borsnall,LJFcToZPX64w,iborsnall8f@army.mil,,Timurjaya,2353 Springview Avenue,2017-08-27
304,305,Chery Melmeth,KsuWc5D,cmelmeth8g@plala.or.jp,,Dar Chabanne,383 Warrior Lane,2017-03-09
305,306,Roxanne Trustram,KeFMKeR94KmO,rtrustram8h@symantec.com,38300-000,Ituiutaba,5 Hoffman Street,2017-02-06
306,307,Belia Andrejs,GMb5qn303,bandrejs8i@liveinternet.ru,972 42,Luleå,62 Menomonie Circle,2017-01-29
307,308,Zarah Leahair,1HLKflMkDWX,zleahair8j@dailymotion.com,,Krajan,75 Crescent Oaks Drive,2016-11-21
308,309,Clo Hanington,f8r1bin,chanington8k@tripod.com,,Batou,7385 Vermont Road,2016-12-13
309,310,Jillana Warbeys,yFcHLVs2,jwarbeys8l@youtube.com,6015,Ålesund,880 Waubesa Park,2016-12-02
310,311,Jessika Calcut,7oqVF3,jcalcut8m@phoca.cz,195047,Florencia,74297 Independence Alley,2017-06-07
311,312,Morgen Mikalski,195MilZs4Idt,mmikalski8n@cornell.edu,270009,Quibdó,17 Maywood Alley,2017-05-21
312,313,Dania Melby,IgWXLFB,dmelby8o@phpbb.com,959-1855,Niitsu-honchō,9091 Fordem Trail,2017-06-24
313,314,Mellisent Keenan,xFFXkv4NiA,mkeenan8p@webmd.com,06182 CEDEX 2,Nice,3425 Lakeland Crossing,2017-03-02
314,315,Wells Beavan,BrhlfSyZIwVg,wbeavan8q@aboutads.info,,Huayan,36713 Talisman Drive,2016-11-17
315,316,Levon Regglar,JDb1U7oth,lregglar8r@huffingtonpost.com,,Oulmes,5 Bellgrove Lane,2016-12-15
316,317,Gabriell Seint,x26NdDk,gseint8s@over-blog.com,,Limatambo,6 Express Crossing,2016-12-03
317,318,Cecilia Reynold,ox3Lpta,creynold8t@51.la,,Myhiya,82678 Northfield Trail,2017-09-03
318,319,Jania Budnik,z7zpnozYZPw5,jbudnik8u@aboutads.info,,Banes,10561 Memorial Terrace,2017-09-16
319,320,Ernestine Wardrop,m7Ej313VZ,ewardrop8v@globo.com,9113,Florentino Ameghino,020 Randy Street,2016-11-21
320,321,Jaine Lightbowne,Mj6zVPl2a1C,jlightbowne8w@artisteer.com,398501,Kuz’minskiye Otverzhki,599 International Drive,2017-08-06
321,322,Jameson Figures,iiYRMzO,jfigures8x@google.co.jp,,Qiaozhen,0225 Schurz Road,2017-01-29
322,323,Charity Edmand,wPBp1XrPNuZk,cedmand8y@photobucket.com,45600-000,Itabuna,567 Shasta Park,2017-08-20
323,324,Doy Gurrado,yU4BSiF1K,dgurrado8z@cbslocal.com,733 01,Frýdek-Místek,58 Dexter Lane,2017-06-27
324,325,Elvin Hegley,vst29jCRw0cL,ehegley90@imageshack.us,35740-000,Esmeraldas,58200 Johnson Alley,2017-09-09
325,326,Fred Dewen,Q53Q21,fdewen91@addtoany.com,32868,Orlando,226 Hanover Crossing,2017-09-19
326,327,Oby Keasley,G2cmFS,okeasley92@cisco.com,,Boketu,72428 Rusk Lane,2017-03-30
327,328,Charlene Cloonan,d58fcNJJa,ccloonan93@delicious.com,6417,Mondragon,89145 Havey Hill,2017-08-08
328,329,Verile Kyrkeman,YE1FslRFwAnY,vkyrkeman94@state.tx.us,,Los Santos,1 Sutteridge Street,2017-10-16
329,330,Coop Vaulkhard,aj42IjjVAP,cvaulkhard95@independent.co.uk,,Zhaowu,01851 Kim Plaza,2017-10-20
330,331,Phip Andrin,8rj81ewv5x,pandrin96@tinyurl.com,6538,Palompon,24 Elmside Junction,2017-04-25
331,332,Janine Offen,V8ackaVbGV,joffen97@issuu.com,28460-000,Miracema,52 Superior Circle,2017-05-14
332,333,Grissel McEttigen,pJ1nLZ,gmcettigen98@addthis.com,,Antsiranana,60 Pankratz Point,2017-03-08
333,334,Sallyanne Dukelow,HL4lRe,sdukelow99@wikipedia.org,,Villamontes,66359 Crescent Oaks Way,2017-06-25
334,335,Salomo Sheal,YhQYtkrOk,ssheal9a@nature.com,2380,Slovenj Gradec,47442 Alpine Hill,2017-09-18
335,336,Jenica Kall,wGob4w13XoMu,jkall9b@tripod.com,,Capira,45563 Fulton Terrace,2017-08-16
336,337,Flem Pitkaithly,rfW3d9,fpitkaithly9c@live.com,,Byera Village,7689 Meadow Valley Avenue,2017-08-10
337,338,Hilarius Kleinhausen,MjwQLEpw,hkleinhausen9d@wikispaces.com,134 34,Gustavsberg,39 Susan Crossing,2017-09-08
338,339,Jemimah Kohnert,F9LHv2,jkohnert9e@who.int,,Caucagüito,96 Derek Junction,2017-01-27
339,340,Torrance Cadigan,u20SjjJu,tcadigan9f@yellowpages.com,,Provatás,38 Manitowish Point,2017-05-31
340,341,Sophronia Critzen,K2olgCTvH,scritzen9g@house.gov,87560-000,Iporã,164 Manitowish Park,2017-01-28
341,342,Meta McGaw,PPTdFvGCC,mmcgaw9h@diigo.com,992-0325,Funabashi,2723 Leroy Lane,2017-02-03
342,343,Denyse Wade,9uHkfxq4,dwade9i@who.int,,Jiangyin,65915 Menomonie Hill,2017-04-05
343,344,Nico Oventon,pDslf71LjNz,noventon9j@studiopress.com,,Al Fandaqūmīyah,06266 Loftsgordon Street,2017-05-10
344,345,Suellen Middleditch,MTcqnxd,smiddleditch9k@nationalgeographic.com,77-124,Parchowo,57540 Goodland Way,2017-03-28
345,346,Betti Hagart,yU6P4zB7ThU,bhagart9l@hao123.com,3710,Caraga,5190 Kedzie Crossing,2017-10-21
346,347,Archaimbaud Bollans,fylk7e,abollans9m@bluehost.com,,Bačka Palanka,7 Coolidge Way,2017-02-16
347,348,Rutger Burstow,L2O3kv6Ly8g9,rburstow9n@epa.gov,386150,Nazran’,2 Hoard Park,2016-12-14
348,349,Emanuel Nornable,ijgbyg,enornable9o@dion.ne.jp,925-0373,Komoro,81800 Graceland Plaza,2017-05-08
349,350,Rossie Delacroix,EfZEuU,rdelacroix9p@businessweek.com,,Sanli,5 Sherman Terrace,2017-08-15
350,351,Allegra Thomson,Nsot49zMRz,athomson9q@amazon.com,62580-000,Acaraú,79011 North Pass,2017-08-14
351,352,Traci Topaz,syvjV8NK,ttopaz9r@psu.edu,,Muang Xay,87 Fuller Center,2017-01-23
352,353,Shelli Windybank,zUBLmXABhYI,swindybank9s@ca.gov,6213,Malibago,1 Kingsford Avenue,2016-12-21
353,354,Friedrick Beardsall,84iWyd9gCPj6,fbeardsall9t@bbc.co.uk,03104 CEDEX,Montluçon,341 Butterfield Point,2017-02-26
354,355,Freemon Andrioni,NJYioBcEB,fandrioni9u@php.net,705079,Sampués,3 Elgar Court,2017-03-08
355,356,Linnea Sherrock,S95I8dW88,lsherrock9v@biglobe.ne.jp,461059,Buzuluk,801 Jay Road,2017-04-13
356,357,Curt Bloxam,b3cBie,cbloxam9w@elpais.com,,Jiancheng,037 Fremont Center,2017-01-07
357,358,Terra Hazeley,Wnlh9KJkc,thazeley9x@behance.net,,Xuedian,37359 Service Drive,2017-09-01
358,359,Bari Forsey,Pmgm3AM,bforsey9y@sciencedirect.com,,Trasak,8 Cody Terrace,2017-10-29
359,360,Nannie Tacker,nCclWM0KPIz,ntacker9z@goo.gl,,Chivhu,9508 Schmedeman Avenue,2017-08-21
360,361,Mannie Kane,W8XOeTpcr,mkanea0@chronoengine.com,,Banjar Tibubiyu Kaja,66 Superior Junction,2017-04-22
361,362,Abby Coudray,etjgtBK6Bk,acoudraya1@histats.com,,Towa,77 Buhler Terrace,2017-08-22
362,363,Charlton Ply,7aVrus7K,cplya2@reference.com,L-7506,Saeul,540 East Parkway,2017-07-09
363,364,Sherman Maliffe,lh2xZONy,smaliffea3@ezinearticles.com,,Mitrovicë,527 Valley Edge Court,2017-07-21
364,365,Montague Collinette,qdS8w0Moq,mcollinettea4@edublogs.org,77020,Nasīrābād,348 Debra Way,2017-02-11
365,366,Ronny Vannucci,C9uUYEmFxv,rvannuccia5@dion.ne.jp,15350-000,Auriflama,781 Hintze Center,2017-04-30
366,367,Alverta O'Halleghane,4nkBtE,aohalleghanea6@surveymonkey.com,66105,Kansas City,7875 Holmberg Alley,2017-01-04
367,368,Wilton Kegley,uK8RF4,wkegleya7@geocities.jp,5730,Fort Beaufort,18779 Eastwood Alley,2017-11-11
368,369,Ives Mauvin,wR1oFjbSwCS,imauvina8@loc.gov,25775,Huntington,34 Hanover Drive,2017-08-04
369,370,Nixie Phifer,9DajJGuF,nphifera9@dagondesign.com,,Tuojiang,07 Lighthouse Bay Terrace,2017-03-26
370,371,Shandra Holstein,SJh4OrpI,sholsteinaa@blogtalkradio.com,840-2105,Ōkawa,9 Clyde Gallagher Way,2017-06-05
371,372,Celine Pieter,8MUXY8UxmA,cpieterab@bbb.org,,Sungai Iyu,6 Schlimgen Avenue,2017-09-20
372,373,Manon Mackiewicz,rYFKXD0Hz,mmackiewiczac@fc2.com,,Battambang,43 Quincy Street,2017-08-30
373,374,Nolie Poland,XL6RWWIAWo,npolandad@wp.com,45147,San Isidro,506 Hansons Trail,2017-03-03
374,375,Lancelot Moorman,hv7xc9c4a2rl,lmoormanae@netscape.com,214512,Talashkino,2811 Transport Way,2017-01-05
375,376,Chanda Todeo,gEBzIQo,ctodeoaf@free.fr,,Xidianzi,278 Loftsgordon Crossing,2017-09-19
376,377,Wally Heigl,MaADPWhiU,wheiglag@edublogs.org,5720,Alor Setar,58163 Sunfield Road,2017-11-06
377,378,Estele Eccleston,ag7WwheN3,eecclestonah@mit.edu,5020,Abilay,7150 Old Shore Hill,2017-06-28
378,379,Jobi Giorgetti,QEwSGhlq5MRB,jgiorgettiai@goo.ne.jp,,Liuji,30418 Commercial Alley,2017-09-07
379,380,Filmore Goscomb,xzafkMHSc9,fgoscombaj@yolasite.com,,Pili,875 Basil Place,2017-02-23
380,381,Nealy Broodes,EweIJm2fq,nbroodesak@va.gov,,Chidian,88 Loeprich Way,2017-09-07
381,382,Paxon Crumpe,jtntC70ON,pcrumpeal@acquirethisname.com,443544,Kurumoch,1965 Bartillon Pass,2017-03-23
382,383,Tim Smardon,gUgFpSinhYR,tsmardonam@creativecommons.org,,Kouqian,206 Elgar Terrace,2016-11-18
383,384,Worden Wilbore,1YfZfIcce,wwilborean@foxnews.com,,Al ‘Aqabah,3 Talisman Center,2017-03-30
384,385,Arny Henrych,0E4KhbGkslr,ahenrychao@ft.com,62-641,Olszówka,5021 Canary Road,2017-01-22
385,386,Garek Ungerechts,E4hFTWd6UTL,gungerechtsap@unc.edu,,Nevyts’ke,6109 4th Junction,2016-12-06
386,387,Guenna Cunnington,ZhxkzIdrsW,gcunningtonaq@usatoday.com,51064 CEDEX,Reims,9 Bartelt Hill,2017-02-28
387,388,Kilian Caven,nj6J4gC8,kcavenar@zimbio.com,2417,Lepanto,6330 Texas Parkway,2017-05-08
388,389,Taryn Von Salzberg,qOZgnwLSZgDm,tvonas@macromedia.com,78130,Morelos,64668 Petterle Lane,2017-05-14
389,390,Valentia Jerzycowski,wHo5z1l,vjerzycowskiat@webnode.com,85010,Phoenix,020 Sage Lane,2017-06-01
390,391,Abramo Scedall,12QPOyeeYF,ascedallau@house.gov,89160-000,Rio do Sul,7 Mockingbird Parkway,2017-11-12
391,392,Henriette Satyford,5g1ZG2QEMCS,hsatyfordav@google.ru,36-071,Trzciana,012 Porter Circle,2017-09-06
392,393,Hildagarde Holbie,8XwLMK9eiE,hholbieaw@oakley.com,,Kugri,495 Calypso Pass,2017-05-29
393,394,Monah Osbaldeston,vxas2tByThE,mosbaldestonax@ihg.com,4805-005,Balazar,34 Lawn Way,2017-07-30
394,395,Toddy Garms,ALPFA97kPO0r,tgarmsay@ucsd.edu,4990-770,Passos,76 Maywood Hill,2017-09-06
395,396,Brande Dunbabin,5uutXZD4qU,bdunbabinaz@princeton.edu,50700,Toba Tek Singh,2 Claremont Circle,2017-06-30
396,397,Arabelle Attrill,lX6hmqc9oMuv,aattrillb0@fda.gov,,Nanwai,4442 Corben Center,2017-05-17
397,398,Eudora Timperley,3db3U4DJ,etimperleyb1@baidu.com,,Mesopotamía,28613 Anniversary Street,2017-06-18
398,399,Candra Prantl,Qoykiey91jE,cprantlb2@twitter.com,6507,Mayorga,06947 Jenifer Parkway,2017-04-20
399,400,Gayler Ayerst,LDY0vqYtkjvn,gayerstb3@ed.gov,,Siumate,91347 Ronald Regan Court,2017-04-30
400,401,Debora Ghidoni,c6JvOou96oFy,dghidonib4@uol.com.br,31000,Sarvaš,7 Hansons Road,2017-06-14
401,402,Leena Cheake,yeK7yPx,lcheakeb5@sourceforge.net,203-0044,Tanashichō,2939 Thierer Center,2017-03-23
402,403,Rosene Mullane,qx3fb49ra3,rmullaneb6@utexas.edu,,Brades,7 4th Circle,2017-05-31
403,404,Letizia Macbeth,gQlXWP3Lq,lmacbethb7@wikimedia.org,,Cicapar,8648 Arkansas Circle,2017-10-31
404,405,Hakim Marlowe,cSN97sl,hmarloweb8@mlb.com,9208,Unidos,47 Barnett Lane,2017-06-28
405,406,Zorah Dempsey,MKfbIK,zdempseyb9@harvard.edu,172048,Pácora,908 Atwood Plaza,2017-06-08
406,407,Felic Fayter,kphn65g,ffayterba@economist.com,,Bridgetown,0732 Crescent Oaks Place,2017-09-13
407,408,Lorettalorna Mattielli,UWa7El,lmattiellibb@nbcnews.com,4508,Santo Domingo,02 Kedzie Circle,2017-05-24
408,409,Jolee Kinker,Nh0PpZHNj,jkinkerbc@hp.com,5884,Cradock,4 Spaight Road,2017-09-20
409,410,Sula Coxen,8LmCVYxtxvI4,scoxenbd@topsy.com,2307,Bulualto,74 Shopko Pass,2017-05-06
410,411,Berkley Mustin,dapJqNxF57,bmustinbe@buzzfeed.com,,Xinzhuang,13 Thackeray Parkway,2017-07-17
411,412,Shina Van der Hoeven,Cwv9caMUsg,svanbf@ca.gov,5030-384,Seara,511 Merry Pass,2017-01-10
412,413,Damara Sier,CCQ5WzX0,dsierbg@eventbrite.com,,Wukari,3967 Becker Park,2017-06-20
413,414,Joanna Lahive,ygXTEL,jlahivebh@state.gov,,Amuru,52687 Lukken Way,2017-10-29
414,415,Hyacintha Forster,8pIBvZv,hforsterbi@sciencedaily.com,44420-000,Maragogipe,5519 Longview Way,2017-11-12
415,416,Harrietta Westphal,2EjnUXo,hwestphalbj@soup.io,81140,Kut Rang,5531 Evergreen Road,2016-12-24
416,417,Consalve Harbison,j5ko0UR,charbisonbk@sfgate.com,,Myaydo,351 Lunder Street,2017-01-25
417,418,Chalmers Stratley,6tSl3l,cstratleybl@soup.io,75503,Melaka,8 Mesta Road,2017-03-01
418,419,Allyn Kob,WYvDVIO,akobbm@sbwire.com,3700-585,São Mamede,1502 Buell Place,2017-04-21
419,420,Ryon Sobtka,gzFAcLUqbMD,rsobtkabn@over-blog.com,671221,Tankhoy,5685 Everett Road,2017-07-18
420,421,Fania Edgerley,1PIpeDTC,fedgerleybo@si.edu,34160,Det Udom,95 Acker Court,2017-09-13
421,422,Gage Corragan,OUzaP5pC,gcorraganbp@noaa.gov,,Uzda,9 Dryden Hill,2017-05-17
422,423,Aubrey Ottewell,M6vzIo,aottewellbq@foxnews.com,,Metulla,80 Summerview Court,2017-02-08
423,424,Chaim Rasp,xIrB3HdrTaFi,craspbr@go.com,2775-389,Rana,31530 Dovetail Way,2017-02-21
424,425,Lurlene Mc Ilwrick,TLNVAiHqv,lmcbs@trellian.com,61-710,Nakło nad Notecią,0334 Stoughton Parkway,2016-12-20
425,426,Estella Wybrew,4ejWma,ewybrewbt@barnesandnoble.com,,Borova,13991 Lunder Plaza,2017-01-09
426,427,Winnah Muskett,DmZo7g,wmuskettbu@opensource.org,,Kahnūj,59125 Badeau Junction,2017-03-16
427,428,Mag Mulvany,106hPdzw5,mmulvanybv@e-recht24.de,,Long’an Chengxiangzhen,8830 Hudson Alley,2016-12-15
428,429,Gaultiero Eble,L9catrUeLet,geblebw@hao123.com,,Manicaragua,62 Thompson Alley,2017-03-21
429,430,Faber Shortall,suRBuF2,fshortallbx@cpanel.net,22003,San Manuel Chaparrón,1106 Macpherson Circle,2016-12-30
430,431,Cecilla Farloe,UQHtrhPlSr5,cfarloeby@ezinearticles.com,6413,Molde,7 Raven Center,2017-04-10
431,432,Tulley Hambling,U2OZPY6sS,thamblingbz@eventbrite.com,,Illéla,30 Claremont Center,2017-08-14
432,433,Cynthie Schonfelder,SW9j2euSm,cschonfelderc0@wisc.edu,46-300,Olesno,20 Jackson Road,2017-07-20
433,434,Haley Raikes,8sDhUosb8k,hraikesc1@earthlink.net,,Huangshi,77993 Macpherson Road,2017-06-24
434,435,Calida Proback,XWYByVuq6,cprobackc2@cam.ac.uk,,Sendafa,458 Fallview Avenue,2017-07-09
435,436,Haslett Trenbey,gVZuQPed7,htrenbeyc3@mayoclinic.com,13192 CEDEX 20,Marseille,21 Banding Terrace,2017-09-06
436,437,Lazare Stangroom,sHzNykZOka,lstangroomc4@accuweather.com,32595,Pensacola,213 Bonner Park,2017-06-16
437,438,Maddie Colgan,lbu2tQhhP,mcolganc5@biblegateway.com,5097,Mount Frere,2 Coolidge Place,2017-01-15
438,439,Bald Northidge,zfcOcA,bnorthidgec6@marriott.com,,Thymianá,0383 Arizona Drive,2017-04-22
439,440,Heall Acland,7nRyGbX10,haclandc7@earthlink.net,,Sidonganti,885 Loftsgordon Avenue,2017-02-04
440,441,Pauly Gilliam,HVR6CAwy59pl,pgilliamc8@netlog.com,62250-000,Ipu,556 Delaware Avenue,2017-10-03
441,442,Hagen Angier,skLdt1exS8BN,hangierc9@live.com,71730,Buenavista,79 Golden Leaf Junction,2016-12-25
442,443,Anthony Beetles,KctueG,abeetlesca@cdc.gov,,Thị Trấn Phù Yên,87 Calypso Plaza,2017-02-20
443,444,Tiertza Diperaus,vGZLSjBDivYw,tdiperauscb@jigsy.com,,Shaping,51 Kenwood Point,2017-07-28
444,445,Dorey Rooney,ISOJkkpTgI,drooneycc@mtv.com,62070 CEDEX 9,Arras,60 Comanche Lane,2017-05-13
445,446,Siffre Snowball,pEV4LozrYo6,ssnowballcd@360.cn,61110,Rockford,4 Dixon Road,2017-10-10
446,447,Hakeem Enochsson,g3or8ThY,henochssonce@economist.com,54130,Phrae,19 Springview Plaza,2017-03-17
447,448,Huntlee Gurnay,rzGo7p,hgurnaycf@google.fr,701 48,Örebro,641 Sutherland Alley,2017-05-13
448,449,Reider Grinnikov,qOetTF,rgrinnikovcg@yahoo.com,,Susunan,8 Golden Leaf Crossing,2017-09-19
449,450,Cherilyn Cremin,4irkztmol3,ccreminch@rakuten.co.jp,,Margorejo,6602 Larry Plaza,2017-11-12
450,451,Alfie Rossborough,QbnJ4Ych,arossboroughci@amazon.de,,Nambak Tengah,927 Starling Street,2016-12-28
451,452,Rosanne Elnor,br0HWbF,relnorcj@blinklist.com,40687,El Aguacate,21004 Lotheville Hill,2017-01-21
452,453,Alverta Ledrane,R1eIOTxK,aledraneck@dot.gov,,Tabālah,863 8th Parkway,2017-10-11
453,454,Nollie Ricardet,VU1Oqx7wuNP,nricardetcl@meetup.com,,Bancak Wetan,9062 Lake View Lane,2017-09-27
454,455,Jodi Hauxby,hMnHgnVZdB,jhauxbycm@huffingtonpost.com,,Marsh Harbour,2612 Hollow Ridge Circle,2017-06-02
455,456,Iona Tulley,h8g9XOOJ29XS,itulleycn@hugedomains.com,,Caper,93129 Scoville Junction,2017-09-14
456,457,Fifi Downe,PYn7nf7,fdowneco@4shared.com,,Sandao,056 Lyons Alley,2017-07-22
457,458,Cordey Greenway,OhkA7KlLf7,cgreenwaycp@oracle.com,1068,København,785 Fulton Terrace,2017-01-05
458,459,Barbi Eaddy,XtyfZq,beaddycq@gnu.org,,Yingtan,7 Division Junction,2017-08-18
459,460,Bail Quincey,weTPEE,bquinceycr@mediafire.com,2433,Villa Concepción del Tío,81 Carberry Lane,2016-12-01
460,461,Evonne Ferran,MoHXjr7,eferrancs@studiopress.com,4800-194,Gonça,231 Grim Circle,2017-02-23
461,462,Earlie Attreed,oGCBlBt,eattreedct@ted.com,,Huatai,8322 Bunting Crossing,2017-07-08
462,463,Chelsey Woan,b9vmJZ85,cwoancu@webnode.com,164012,Rublëvo,292 Old Gate Avenue,2017-07-16
463,464,Maribeth Dible,Y2RFf6sOOo,mdiblecv@netlog.com,4152,Aguilares,47776 Annamark Plaza,2017-06-29
464,465,Rosana Whillock,B7tEeFo,rwhillockcw@constantcontact.com,,Vrachnaíika,8228 Merchant Alley,2017-07-14
465,466,Cullan Klaes,1p8mraU4,cklaescx@fda.gov,72004 CEDEX 1,Le Mans,297 Lillian Road,2017-05-26
466,467,Joelly O'Geneay,DmokfuRx,jogeneaycy@jiathis.com,,Chifeng,21 Duke Alley,2017-07-13
467,468,Boigie D'Alesco,Qew2GzqcTjlY,bdalescocz@4shared.com,7875-354,Sobral da Adiça,95 Vidon Park,2017-04-03
468,469,Addie Clipsham,Ab2HknIJ8J1t,aclipshamd0@rediff.com,60150,Lat Yao,9 Barby Avenue,2017-01-21
469,470,Chryste Fonso,7rAB9MX,cfonsod1@webs.com,,Olo,008 Del Mar Center,2016-11-25
470,471,Kala Conigsby,CgYwrVtXkx,kconigsbyd2@patch.com,,Pirca,17788 Lerdahl Way,2016-12-28
471,472,Rafaelia De Domenicis,5Tmlx3Eh,rded3@prlog.org,,Sanjinquan,20 Maryland Terrace,2017-07-09
472,473,Malina Mushrow,unhBPA,mmushrowd4@washingtonpost.com,P72,Oughterard,645 Daystar Crossing,2017-09-14
473,474,Beck Noah,VoJDfT2Kk,bnoahd5@fda.gov,,Sila,9 Harbort Circle,2017-03-01
474,475,Charita Snoad,IMyOA4,csnoadd6@hp.com,397641,Mikhaylovka,80228 Moland Parkway,2017-04-27
475,476,Abelard Garrit,r5Mz7RmbkVnO,agarritd7@nasa.gov,,Balesari,23499 Kim Junction,2017-03-28
476,477,Mellicent Gudge,UZkHwhYV,mgudged8@baidu.com,,Gaofeng,3 Parkside Road,2017-06-01
477,478,Meredith Tomaschke,4mqiACMe,mtomaschked9@pagesperso-orange.fr,,Mandal,01 Petterle Circle,2017-01-06
478,479,Boot Dowbakin,MqmtEPUDam,bdowbakinda@scribd.com,624082,Sysert’,03314 Gerald Way,2017-06-18
479,480,Estrellita Shakspeare,OFgIgQHOx5r,eshakspearedb@alexa.com,46300-000,Caculé,36624 Warbler Avenue,2017-08-08
480,481,Anne Worsall,uO3rVBoABKp,aworsalldc@forbes.com,,Zhongxing,91 Starling Lane,2017-02-27
481,482,Yancey Dacke,8qkrzXe0,ydackedd@digg.com,67124 CEDEX,Molsheim,37947 Summerview Way,2017-08-27
482,483,Marjorie Dalziel,WobO5oLhfb,mdalzielde@rakuten.co.jp,,Wete,5100 Talisman Plaza,2017-02-09
483,484,Brandy McFadyen,itl9JCQm1KTz,bmcfadyendf@dion.ne.jp,,Yangmadao,69049 Ridgeway Way,2017-04-24
484,485,Eduardo Luckcock,jzD0mYbFhdH0,eluckcockdg@yandex.ru,,Astghadzor,00 Autumn Leaf Alley,2017-04-17
485,486,Harri Blest,FKRY25VYQQ1q,hblestdh@cpanel.net,1112,Tiling,44748 Schmedeman Drive,2017-01-28
486,487,Leelah Jopp,VBqXdCe7J02a,ljoppdi@qq.com,75110,Amphawa,11 Merchant Alley,2017-05-26
487,488,Aloysius Thatcher,8tuvS5VlyJ,athatcherdj@digg.com,353265,Chernomorskiy,1362 Division Junction,2017-05-01
488,489,Emlyn Churches,0ogeOJ7IxD,echurchesdk@army.mil,T5Y,Saint-André-Avellin,44759 Londonderry Lane,2017-10-27
489,490,Gwennie Edworthy,Kayo2VL1r,gedworthydl@examiner.com,,Sanjia,825 Jenna Road,2017-01-17
490,491,Hersh Mair,7kZKJhaKHF,hmairdm@free.fr,47220,Vojnić,773 Walton Avenue,2017-08-17
491,492,Robbyn Jeffryes,yI766iVvB,rjeffryesdn@java.com,197738,Solnechnoye,5 Carey Way,2017-03-15
492,493,Allayne Oaks,2gfZ6vOf3JX,aoaksdo@printfriendly.com,,Sinarbakti,5 Holmberg Court,2017-10-17
493,494,Meyer Colmer,C76WdI263pLJ,mcolmerdp@pinterest.com,62-050,Mosina,89832 Hanover Hill,2017-03-19
494,495,Tabb Wilfinger,Nn1AXjDEbv,twilfingerdq@deliciousdays.com,88512,Kota Kinabalu,6235 Maryland Hill,2017-08-24
495,496,Trude Ricca,OXzhcqA1j,triccadr@bandcamp.com,,La Maná,4660 Northwestern Circle,2017-07-08
496,497,Nada Egle of Germany,bEOPQGFyKC7E,negleds@spotify.com,4762,Teknāf,1081 Di Loreto Court,2017-03-04
497,498,Evelina Crowe,RzmbzghQMg,ecrowedt@squidoo.com,,Uhryniv,06835 Golden Leaf Court,2017-10-29
498,499,Collen Hapgood,X5O0HW4aR,chapgooddu@ifeng.com,5600,San Rafael,2 Continental Parkway,2017-01-26
499,500,Alexis Tregale,lyrC3AHf,atregaledv@rediff.com,374 33,Karlshamn,468 Shoshone Point,2017-06-28
500,501,Waldon Salzburg,p6pArxr,wsalzburgdw@bizjournals.com,80141,Napoli,60780 Summerview Hill,2017-08-28
501,502,Eadith Askham,sAM1T2,easkhamdx@nps.gov,763508,Guacarí,485 Bunker Hill Junction,2016-12-04
502,503,Tremaine Cosker,PWycsre8PT,tcoskerdy@reverbnation.com,1114,Lourdes,08 Independence Point,2017-03-20
503,504,Fredelia Barwick,KnTGKN60,fbarwickdz@ft.com,,Sarandë,834 Trailsway Way,2017-08-23
504,505,Lexi Bierling,FWYvzmlVsH,lbierlinge0@wunderground.com,,Wuhe Chengguanzhen,4 Cambridge Circle,2017-01-11
505,506,Kenneth Jeayes,PB8HXLEp2F,kjeayese1@sciencedirect.com,,Vaiņode,28 Quincy Road,2017-10-22
506,507,Deonne Trinder,hHhYHlVWFlp,dtrindere2@seesaa.net,,Cemara,7 Kenwood Street,2016-12-22
507,508,Velvet Kineton,3zJ7Fsk4,vkinetone3@businessinsider.com,,Pasirnangka,977 Kropf Way,2017-06-12
508,509,Felic Swin,OTeRrOWiyxZ,fswine4@example.com,11301,Esperanza,298 Mifflin Trail,2017-09-09
509,510,Nolana O'Feeny,rJaepcG,nofeenye5@kickstarter.com,,Zhezqazghan,8683 Badeau Terrace,2016-12-03
510,511,Jarrett Adacot,pyrbiAC,jadacote6@wiley.com,3328,Cabagan,3198 Moulton Park,2017-08-12
511,512,Fidelio Mapis,qJj546,fmapise7@tiny.cc,,Dengzishan,7922 Sundown Alley,2017-05-02
512,513,Chrissy Blant,6bITAmD7Wu4Y,cblante8@addtoany.com,,San Lorenzo de Esmeraldas,1 Express Hill,2017-05-22
513,514,Alexis Ruddy,M1R6uuLfUt0J,aruddye9@prweb.com,,Sidomekar,750 Marquette Drive,2017-06-06
514,515,Lorenza Assur,RnjJJTY,lassurea@constantcontact.com,7461,Bhātpāra Abhaynagar,9 Scott Trail,2017-11-07
515,516,Kala Raeburn,KOlmlCv,kraeburneb@dagondesign.com,8664,Mosjøen,73241 Elmside Road,2017-11-01
516,517,Franny Sivorn,jM9Jwf8m0pVK,fsivornec@phoca.cz,671732,Novyy Uoyan,33 Upham Terrace,2017-09-30
517,518,Washington De Dantesie,eYS1yOT,wdeed@ebay.co.uk,12620-000,Piquete,66256 Macpherson Plaza,2017-05-16
518,519,Julius Staker,37eR3r2VLEFg,jstakeree@samsung.com,,Xinli,48347 Debra Parkway,2017-07-12
519,520,Stevie Fraczek,kH99dt3wp,sfraczekef@reddit.com,,Santa Cruz,0 Corscot Crossing,2017-03-20
520,521,Ilysa Mallison,l9QMjz91BuXy,imallisoneg@archive.org,43-410,Zebrzydowice,72797 Hintze Parkway,2017-01-22
521,522,Mommy Hasloch,WuHM9Oud01x,mhaslocheh@furl.net,,Fengcheng,6619 Surrey Trail,2017-10-06
522,523,Lissi Lapenna,7IV8XCK,llapennaei@mozilla.com,,Chenzhouzhai,1723 Dawn Drive,2017-04-06
523,524,Glory Essam,0nLdNnnKZ,gessamej@netvibes.com,,Taocheng,93995 Porter Court,2017-02-02
524,525,Dalis Ledley,WK4EpsQ4,dledleyek@bloglovin.com,618630,Nyrob,51931 Crownhardt Terrace,2017-03-24
525,526,Lotte Roundtree,VXmgZY,lroundtreeel@unicef.org,851 88,Sundsvall,0365 Crowley Crossing,2017-07-16
526,527,Dorthy Noller,yUhH77ji,dnollerem@npr.org,50260,Ban Mai,092 Village Drive,2017-04-25
527,528,Trixy Aldiss,ROK0ropvw,taldissen@github.io,8418,Libas,6933 Esker Lane,2017-10-06
528,529,Nicolas Marcus,d2VZFpi,nmarcuseo@digg.com,,Kudang,90 Magdeline Circle,2017-04-13
529,530,Clementius Sperwell,Ryy10Zalu4D,csperwellep@ihg.com,,Yongfa,84 Carioca Trail,2017-10-29
530,531,Lawry McTiernan,l79o8tM61A,lmctiernaneq@ehow.com,98670-000,Humaitá,3667 Red Cloud Avenue,2017-07-04
531,532,Lurline Jordanson,Grr9GYyZdNVH,ljordansoner@sun.com,,Shiziling,6 Vernon Parkway,2017-07-25
532,533,Abby Hadkins,he42UX,ahadkinses@icq.com,,Thiès Nones,16444 Ridgeway Circle,2017-01-17
533,534,Lincoln Orrum,Pt5coRXslx,lorrumet@tinyurl.com,4325,Lusacan,610 Bobwhite Crossing,2017-08-25
534,535,Markos Pidgley,LRuvsQe,mpidgleyeu@cbc.ca,,Núi Sập,18096 Raven Parkway,2017-08-17
535,536,Melisse de Verson,v7AhrYJy0X,mdeev@npr.org,60105,Paquera,6217 Sugar Plaza,2017-09-27
536,537,Roobbie Durant,UxLhfIx,rdurantew@tripod.com,5850,Río Tercero,46 La Follette Court,2016-12-05
537,538,Isaak Creer,3mctxURcAYu,icreerex@state.tx.us,981-4121,Ichinoseki,777 Lillian Alley,2017-07-31
538,539,Smitty De Miranda,Ypdkkya,sdeey@vinaora.com,37110-000,Elói Mendes,46939 Esker Place,2017-08-28
539,540,Nana McRill,B2S9MYCA,nmcrillez@woothemes.com,4745-530,Fonteleite,881 Anthes Hill,2017-01-04
540,541,Alasdair Canfer,zOmY5k8e0tuy,acanferf0@php.net,2625,Guatimozín,0 Independence Center,2017-04-01
541,542,Kerwinn Dowry,N139nB,kdowryf1@epa.gov,,Sidamukti,62 Macpherson Park,2016-12-16
542,543,Ulises Feldmark,SUXeFOlog,ufeldmarkf2@virginia.edu,,Daying,23313 Dexter Parkway,2017-09-18
543,544,Daniella Matthius,OvZsLmU,dmatthiusf3@harvard.edu,,Cambridge,0327 Longview Alley,2017-08-01
544,545,Gerti Kocher,sPkURma9,gkocherf4@time.com,,San Pablo,0542 Tennessee Drive,2016-12-15
545,546,Elsi Cicculi,zeboGUEqS,ecicculif5@google.com.hk,,Siliana,0 Bay Road,2017-01-19
546,547,Henrietta Bodham,x24KOSA,hbodhamf6@photobucket.com,155450,Yur’yevets,919 Pankratz Crossing,2016-12-20
547,548,Quentin Raun,YbBFbLPq,qraunf7@omniture.com,3515-626,Silgueiros,0 Scott Avenue,2017-08-18
548,549,Cordell Grishkov,9EnEf7O,cgrishkovf8@ehow.com,240,Grindavík,7 Paget Place,2017-04-11
549,550,Raynard Lethieulier,h3i7GL,rlethieulierf9@yellowpages.com,,Da’an,07328 Cascade Street,2017-08-04
550,551,Ryley Mation,2ykimX,rmationfa@123-reg.co.uk,606125,Gorbatov,22437 Melvin Center,2016-12-08
551,552,Harald Sessuns,Q1qxpGaCvkZb,hsessunsfb@icio.us,,Dimona,88 Sundown Circle,2017-01-29
552,553,Allie Brightie,DTRdzI3bAfm,abrightiefc@spotify.com,167 66,Bromma,5586 Meadow Valley Point,2017-01-24
553,554,Cecil Strick,4bYyVU,cstrickfd@about.com,,Nanlin,06463 Dorton Lane,2017-08-16
554,555,Norene Caccavale,ZJHLLfbiNoz,ncaccavalefe@tripadvisor.com,,Danxia,0618 Melrose Court,2017-03-05
555,556,Lauri Layus,hcR7eevU6W7v,llayusff@about.com,,Changtan,46689 Marquette Circle,2017-01-14
556,557,Kev Godfery,nTAZCCt,kgodferyfg@vimeo.com,,Gataivai,92186 Fulton Pass,2017-01-03
557,558,Madelena Swyndley,9gi0xPrvU0SS,mswyndleyfh@unesco.org,,Mets Parni,51543 Lakewood Plaza,2017-10-21
558,559,Brucie Hosby,LQOuCojF0s,bhosbyfi@instagram.com,54783,Santo Tomas,3387 Comanche Plaza,2017-02-21
559,560,Rudd Scholer,p2Nn8esPN0u,rscholerfj@sohu.com,31605,Valdosta,12731 Pennsylvania Drive,2017-08-10
560,561,Bastien Schwant,0T33e63,bschwantfk@google.nl,9022,San Luis Ixcán,115 Birchwood Avenue,2017-01-08
561,562,Veronike Fitzsimmons,s7qrlFCvpA,vfitzsimmonsfl@va.gov,52223,Raša,86 Lakewood Way,2017-09-13
562,563,Claire Maroney,7M6XVVMGN1,cmaroneyfm@salon.com,,Yixi,585 Hallows Pass,2017-11-03
563,564,Giffard Widger,pFZTGoU9revb,gwidgerfn@blogspot.com,44004 CEDEX 1,Nantes,6088 Buhler Drive,2016-11-27
564,565,Angele Clotworthy,HDkS8hmZOFg,aclotworthyfo@goo.gl,20504,Kuala Terengganu,458 Rockefeller Place,2017-09-15
565,566,Cole Risbrough,OMVAxsUZ5,crisbroughfp@guardian.co.uk,,Huangdu,71 Morningstar Crossing,2017-02-17
566,567,Vivyan O' Brian,RPnQrDXr,vofq@t.co,678350,Borogontsy,8484 Cordelia Lane,2017-07-29
567,568,Forest Woodruff,Euua2kQ,fwoodrufffr@hostgator.com,8708,Lingion,4 Grover Pass,2017-07-29
568,569,Candace Walford,3tVyLiy,cwalfordfs@twitter.com,17-210,Narew,18 Farwell Terrace,2017-02-16
569,570,Abby Dix,mukpJ7l,adixft@shop-pro.jp,,Hargeysa,7366 Meadow Vale Alley,2017-11-03
570,571,Sherri Heindrich,6OKXwVkYQ,sheindrichfu@timesonline.co.uk,88160-000,Biguaçu,57356 Algoma Park,2017-02-23
571,572,Nyssa Rosario,0RNiGN3iS,nrosariofv@dmoz.org,95603,La Victoria,469 Sycamore Circle,2017-04-18
572,573,Wake Curl,mPVfTNc,wcurlfw@plala.or.jp,4109,Leipzig,39 Hooker Center,2017-06-27
573,574,Granger Haslock,7qcgogr,ghaslockfx@squarespace.com,,Ramotswa,68 Paget Plaza,2017-02-19
574,575,Sonnnie Kirke,krSglD49ilxC,skirkefy@umn.edu,,Ancol,07 Haas Hill,2017-03-02
575,576,Imelda Christophle,b0HksKVyy,ichristophlefz@quantcast.com,,Guomaying,130 Quincy Junction,2017-09-05
576,577,Obadiah Marquiss,elqbZG8D9q,omarquissg0@umn.edu,,Kabare,528 Anzinger Way,2017-09-20
577,578,Vic Esselen,aZqmBFx,vesseleng1@liveinternet.ru,,Nusajaya,3 Forest Run Junction,2017-10-29
578,579,Owen Ide,5iRefyqJU,oideg2@yellowbook.com,3005,Dampol,35 Bunting Hill,2016-12-26
579,580,Stacy Woodlands,nKasWsib9N9t,swoodlandsg3@craigslist.org,50730,Malakwal City,506 Dorton Circle,2017-01-14
580,581,Hollyanne Troake,f9RHlveEbu,htroakeg4@microsoft.com,7115,Liloy,11316 Oxford Avenue,2016-12-11
581,582,Germayne Lockart,uib8V3NMSn,glockartg5@examiner.com,2274,Voorburg,66686 Carey Parkway,2017-07-28
582,583,Donnamarie Covendon,yM3PihM,dcovendong6@live.com,,Lingbei,84 Huxley Drive,2017-01-29
583,584,Serene Cameli,v2EKOPsBQyGh,scamelig7@aboutads.info,,Vónitsa,93 Stuart Point,2017-01-03
584,585,Buddie Forestel,33fsYNRq,bforestelg8@sciencedaily.com,,Maredakalada,2937 Independence Lane,2017-10-25
585,586,Drugi Knill,Q59JOGee,dknillg9@wired.com,29102 CEDEX,Quimper,37 Badeau Trail,2017-01-01
586,587,Lotti Urlin,S184ny5gf,lurlinga@de.vu,,Jinrui,6 Texas Plaza,2017-06-07
587,588,Hayley Redfearn,964SV2Rq,hredfearngb@theglobeandmail.com,9220,Sammatti,6548 Kinsman Terrace,2017-10-24
588,589,Alyss Dedam,dPBJGiiz1Kgw,adedamgc@arstechnica.com,54410,Ylämaa,92765 Golf View Plaza,2016-11-21
589,590,Sadie Jelley,nYiSBH,sjelleygd@deliciousdays.com,,Chenda,61 Mcbride Center,2017-08-01
590,591,Liam Clapp,saUnCNPSl7,lclappge@wikipedia.org,,Rixinhe,2995 Bunting Crossing,2017-05-13
591,592,Honoria Glancy,Efn0Yrgz,hglancygf@quantcast.com,673550,Sychëvo,1 Morrow Place,2017-03-12
592,593,Ofelia Bysshe,ysy2Avw,obysshegg@vimeo.com,13853 CEDEX 3,Aix-en-Provence,02 Mitchell Lane,2017-08-19
593,594,Rosalind Rohfsen,XF2zPjn40UIX,rrohfsengh@gizmodo.com,,Jingzhou,90816 Anzinger Terrace,2017-01-28
594,595,Ransom Riglar,2ahGrUY,rriglargi@youtube.com,,Uyovu,289 Charing Cross Alley,2017-09-27
595,596,Laurie Yo,UyiNbJURZ2,lyogj@geocities.jp,368209,Nizhniy Dzhengutay,3 Harbort Lane,2017-04-23
596,597,Lamond Sorey,PWlO31O,lsoreygk@vkontakte.ru,238450,Mamonovo,1 Calypso Drive,2017-04-07
597,598,Katti Baptiste,MQS7DDWL,kbaptistegl@google.cn,,El Caño,44 Green Place,2017-07-22
598,599,Laurice Cready,bWH5qzMn0Yvn,lcreadygm@google.de,,Shiquan,021 Bashford Street,2017-07-30
599,600,Reyna Tattam,Zng6axboc,rtattamgn@gizmodo.com,,Xinzhou,87124 Mesta Lane,2017-06-06
600,601,Vallie Franzonetti,EvRh9QMqXDfv,vfranzonettigo@yahoo.com,,Kyparissía,508 Sugar Terrace,2017-01-07
601,602,Horst Jory,HwFJUhAlpN2T,hjorygp@springer.com,839-1301,Sakurai,55 Charing Cross Point,2017-06-13
602,603,Onfroi Clausner,1KjDvEc,oclausnergq@storify.com,,Caijiang,6352 Kedzie Road,2017-08-09
603,604,Cleo Have,kpYkBlkP,chavegr@mozilla.com,,Sengkerang Tiga,68567 Stoughton Drive,2017-06-21
604,605,Palm Braxay,Kg28g2IJPo,pbraxaygs@census.gov,L-5687,Dalheim,05686 Reindahl Point,2016-11-18
605,606,Joshia Pyzer,xhI77TUsleRj,jpyzergt@meetup.com,690880,Akademicheskoe,4848 Dawn Crossing,2017-07-30
606,607,Anestassia Langdon,Q3olEOeoN6T,alangdongu@ox.ac.uk,,Bazi,992 Burning Wood Crossing,2017-08-18
607,608,Brook Kuzma,T0hc8Frte8,bkuzmagv@cdbaby.com,,Tegalalang,05 Anzinger Street,2017-09-10
608,609,Aridatha Dron,qBRdGON,adrongw@blogtalkradio.com,,Fedorovka,9097 Menomonie Road,2017-07-05
609,610,Emelen Scrammage,1Krws4lfd,escrammagegx@loc.gov,,Timbuktu,3988 Birchwood Alley,2017-01-11
610,611,Rollins Briat,lmtQZS,rbriatgy@ning.com,,Kampot,1 Heath Junction,2017-03-25
611,612,Bell Palleske,9z6W9O9kCa,bpalleskegz@nba.com,,Port Glaud,20978 Ohio Avenue,2017-01-19
612,613,Abby Godridge,kpvgYw,agodridgeh0@weebly.com,,Serawai,61 Fairview Plaza,2017-08-30
613,614,Izaak Kenshole,b5htZ4xv,ikensholeh1@biglobe.ne.jp,,Chenqing,45361 Tomscot Court,2017-06-10
614,615,Isaac Tunsley,9vz8JQuMo,itunsleyh2@shop-pro.jp,,Brovary,487 Moulton Terrace,2016-12-16
615,616,Kore Abys,0Pe1o7LIV,kabysh3@techcrunch.com,,Fukou,9534 Declaration Way,2016-12-23
616,617,Eimile Ogbourne,E1L9GDH3WKx,eogbourneh4@hud.gov,,Eydhafushi,3 Hayes Road,2017-06-21
617,618,Camellia Wipper,7Iz2kPAX0,cwipperh5@addtoany.com,123 47,Farsta,355 Donald Drive,2017-01-22
618,619,Garvy Lindenblatt,vuuZatTH3IG5,glindenblatth6@taobao.com,,Guayaybi,31176 Kim Parkway,2017-10-13
619,620,Colene Castro,H6zAPo,ccastroh7@twitpic.com,,Thành Phố Hà Giang,73 Northland Hill,2017-02-15
620,621,Drusilla Nissle,K0ItUCych,dnissleh8@salon.com,,Purwodadi,3 Forest Run Alley,2017-04-28
621,622,Geno Taber,MiQJdOqnTJ,gtaberh9@gnu.org,,Tutong,336 Troy Terrace,2017-06-08
622,623,Marjorie Lambkin,fxMIQkJTwr,mlambkinha@ucoz.ru,14199,Berlin,653 Thierer Alley,2016-12-26
623,624,Anabel Hauxby,anzLNS2GPQj,ahauxbyhb@nps.gov,,Huangshi,2 Upham Alley,2017-10-25
624,625,Mommy Annott,kh2PXyxmq,mannotthc@list-manage.com,791 75,Falun,17793 Lakewood Gardens Circle,2017-02-16
625,626,Dell Renak,zOpxMhhut,drenakhd@rakuten.co.jp,,Penghu,60 Vahlen Hill,2017-07-28
626,627,Quintina Ingilson,8zYUun,qingilsonhe@cnn.com,,Nejo,545 Sutherland Hill,2017-06-08
627,628,Chadd Harry,jNbVObkPZ7xL,charryhf@engadget.com,,Ligonggang,2 Golf View Pass,2017-01-11
628,629,Michaela Paschke,KBlmT0V4,mpaschkehg@army.mil,71730,Buenavista,5600 Elmside Park,2016-12-11
629,630,Serena Keelan,0Gtody8vBFbu,skeelanhh@samsung.com,55000,Thai Charoen,54 Ronald Regan Pass,2017-02-21
630,631,Raychel Castillou,oNfDvBH7,rcastillouhi@scientificamerican.com,,Pancur,14099 Sachs Court,2017-03-07
631,632,Dominga Withringten,qiqF4VY,dwithringtenhj@comsenz.com,,Sladna,3 Amoth Plaza,2017-09-16
632,633,Janot Jaumet,0TjZ6RpPOn,jjaumethk@friendfeed.com,,Guli,890 Tomscot Alley,2017-09-28
633,634,Terra Dalgleish,NjalNe5WX,tdalgleishhl@chron.com,4620-023,Palhais,7668 Lakeland Drive,2017-01-10
634,635,Curran Roussell,1eYSNjq2J,croussellhm@youtu.be,,Gampang,08 Birchwood Crossing,2017-01-27
635,636,Romonda Clissell,TG79CQb,rclissellhn@amazon.com,8407,Mainit,900 Dixon Crossing,2017-10-11
636,637,Fanchon Fissenden,ozF02CLtbU,ffissendenho@storify.com,58345-000,Mari,818 Dwight Parkway,2017-02-04
637,638,Charmane Frederick,qdVLM3S,cfrederickhp@aol.com,93517 CEDEX,Montreuil,19 Everett Center,2017-02-14
638,639,Wrennie Dufty,F29AyKw,wduftyhq@google.ru,,Agrínio,0868 Coolidge Parkway,2016-12-14
639,640,Vinny Zeale,voeH53wGN,vzealehr@last.fm,47-232,Raszowa,90 Nobel Circle,2017-09-29
640,641,Janek Huyton,qc2qJgoglK,jhuytonhs@acquirethisname.com,2495-313,Boleiros,6 Merrick Point,2017-07-23
641,642,Michail Hallewell,iaqgfm3v,mhallewellht@ehow.com,,Mencon,01158 Union Park,2017-07-19
642,643,Jennee Trotter,Z23j8eGHhy,jtrotterhu@cisco.com,,Áyios Yeóryios,57220 Straubel Way,2017-06-24
643,644,Marla Theodoris,6Zzeud,mtheodorishv@nih.gov,,Dalazi,1459 Sheridan Street,2017-07-18
644,645,Sabina Wardesworth,A8lSbj,swardesworthhw@theglobeandmail.com,,Kalidawe,8 Knutson Circle,2017-03-10
645,646,Farley Hagger,QjpuYX9nR7h6,fhaggerhx@cbslocal.com,,Zel’va,670 Badeau Drive,2016-12-12
646,647,Merwyn Kiffin,3pgVGXbOILP,mkiffinhy@gmpg.org,,Tanghua,56693 Mosinee Hill,2017-11-14
647,648,Tomasine Worham,R1uxxF72Sg,tworhamhz@newyorker.com,,Daping,26 Loftsgordon Parkway,2017-02-15
648,649,Michelle Hevey,iE4Jll,mheveyi0@alibaba.com,,Prómachoi,86887 Lake View Junction,2017-02-19
649,650,Rhodia O'Glessane,UxME3QNb,roglessanei1@sbwire.com,,Zapod,4900 Southridge Trail,2017-04-07
650,651,Pail Dunkerley,3TwJTz,pdunkerleyi2@google.com.au,4174,Niederwaldkirchen,29 Fieldstone Drive,2017-08-07
651,652,Ariella Lyman,HqmoK3t,alymani3@mozilla.org,23226,Pridraga,93 Veith Center,2017-11-06
652,653,Gardener Ruddiforth,MeDFqDChB7cd,gruddiforthi4@t.co,4610-017,Crasto,50758 Eggendart Lane,2017-01-04
653,654,Bone McLukie,DpilAY,bmclukiei5@fda.gov,,Hong Kong,499 Spenser Circle,2017-03-14
654,655,Stuart Grange,3R7OBwrOf,sgrangei6@squidoo.com,4335,Calsib,23 Melvin Circle,2017-05-04
655,656,Osborne Spofford,JNJymQ8,ospoffordi7@de.vu,88-405,Gorzyce,5 Logan Center,2017-03-25
656,657,Windham Doust,xaSttY3ni,wdousti8@nydailynews.com,85010,Phoenix,65061 Pepper Wood Alley,2017-04-06
657,658,Otto Glasby,ven9j1w,oglasbyi9@youtube.com,,Sibubuhan,636 Sullivan Drive,2017-05-11
658,659,Jenifer Rumble,KRfbbs7VrYy,jrumbleia@indiegogo.com,6802,Maydolong,8 Grasskamp Circle,2017-09-05
659,660,Barrie Jakeman,JEZizyl,bjakemanib@umich.edu,7000,Tandil,611 Haas Court,2017-11-11
660,661,Hirsch Carlisso,999jZnfNqhj,hcarlissoic@springer.com,,Dourbali,50278 Sullivan Junction,2017-11-01
661,662,Zacharia Waleworke,WjtQvPw3LYas,zwaleworkeid@edublogs.org,35364,Providencia,7555 Gerald Street,2017-10-23
662,663,Dorita Brunsden,FlIL0Bl1dy1,dbrunsdenie@freewebs.com,13160,Bang Pa-in,7667 Cardinal Center,2017-01-15
663,664,Kariotta Blackey,uiuktOzJWi,kblackeyif@about.me,65485-000,Itapecuru Mirim,6091 Fordem Drive,2017-01-03
664,665,Jerrie Queyeiro,vGZLun4v,jqueyeiroig@berkeley.edu,6308,Jagna,2 Mandrake Plaza,2017-08-24
665,666,Dianemarie Gilburt,TcuqtIf87,dgilburtih@timesonline.co.uk,7521,Kālia,8 Clemons Court,2017-02-10
666,667,Issiah Cellone,jQZLI9iXj6vs,icelloneii@guardian.co.uk,,Ruixi,48352 Birchwood Avenue,2016-12-07
667,668,Calypso Lyddy,5sS2cJYimYpw,clyddyij@cdbaby.com,,Binawara,0 Mandrake Place,2017-01-13
668,669,Reggie Morbey,UTnZFsqB,rmorbeyik@go.com,,Oepuah,110 Bowman Drive,2017-08-02
669,670,Tad Handrek,42Pb8xXqc7od,thandrekil@accuweather.com,14276,Buffalo,1 Knutson Crossing,2017-05-14
670,671,Chrisy Macklin,E4I8BAb,cmacklinim@berkeley.edu,,Santa Catalina,50 Butternut Point,2017-04-03
671,672,Kimmi Beldam,83TJFNy,kbeldamin@posterous.com,48335,Farmington,5374 International Junction,2017-07-09
672,673,Nil Enocksson,Fw49WEG,nenockssonio@example.com,,Panjakent,84 Mesta Crossing,2017-01-25
673,674,Robb Torel,wlTZqdY1reiu,rtorelip@last.fm,39740-000,Guanhães,510 Carioca Park,2017-04-02
674,675,Thia Garbutt,87q51JPiI1M,tgarbuttiq@gov.uk,,Kozelets’,3910 Summer Ridge Plaza,2017-05-03
675,676,Percival Tidridge,OWtWoUX,ptidridgeir@house.gov,,Zungeru,20539 Luster Trail,2017-11-11
676,677,Currey Poolman,EyFUlN2,cpoolmanis@ibm.com,,Vyshhorod,99840 Thompson Place,2017-10-17
677,678,Riki Gallico,PsGCAdBLoTJE,rgallicoit@shutterfly.com,17-306,Dziadkowice,9 Warner Place,2016-11-28
678,679,Seka Dikles,aU8cvypU49c,sdiklesiu@mit.edu,,Xuelu,6 Scott Way,2017-02-12
679,680,Anderson Brient,b9CvqIc,abrientiv@ameblo.jp,,Pingpu,8179 North Circle,2017-04-11
680,681,Harrie Crallan,hFA1cc,hcrallaniw@twitpic.com,,Xiqi,50 Park Meadow Street,2017-02-08
681,682,Marve Gorton,DLfY1Lfs,mgortonix@meetup.com,417 71,Zabrušany,13830 American Ash Point,2017-05-10
682,683,Leon Tamsett,K9ivk4O,ltamsettiy@guardian.co.uk,,Bambor,735 Darwin Point,2017-02-19
683,684,Cam Vallens,2Slg5apOFP,cvallensiz@joomla.org,,Shilin,107 Lotheville Alley,2017-05-13
684,685,Mendie Rothschild,LIpbgeWLVZX,mrothschildj0@army.mil,11600,Kelaniya,3 Trailsway Place,2017-11-03
685,686,Chrissie Asgodby,zE49LD6,casgodbyj1@hibu.com,45045 CEDEX 1,Orléans,75810 6th Alley,2016-12-20
686,687,Rickert Banstead,5uTIn0h5Ql,rbansteadj2@accuweather.com,10560,Ban Khlong Bang Sao Thong,31731 Bashford Lane,2017-03-16
687,688,Babara Hawkins,4gQoVOqX,bhawkinsj3@nasa.gov,2430-084,Casal Galego,2814 Park Meadow Drive,2017-02-18
688,689,Roland Alfuso,2xtjpoC,ralfusoj4@nhs.uk,,Igurubi,9938 Hollow Ridge Avenue,2017-09-07
689,690,Ewell Arnolds,TBgdUZdr,earnoldsj5@blog.com,,Lhabupu,253 Dawn Parkway,2017-09-08
690,691,Gery Trittam,zxvDkIlus,gtrittamj6@abc.net.au,,Nyima,2909 Dixon Point,2017-10-12
691,692,Heidie Reuss,Q9ArjL2p,hreussj7@digg.com,36-220,Jasienica Rosielna,8 Chive Place,2016-12-14
692,693,Lynsey Keary,lHby16Pm6t,lkearyj8@independent.co.uk,547079,El Carmen,59574 Pierstorff Point,2017-06-19
693,694,Winslow Copins,8bPZ8jJ,wcopinsj9@blinklist.com,,Nawal,7 American Ash Street,2017-10-08
694,695,Trish Groome,myzPf5DHQld,tgroomeja@gizmodo.com,,Maikawada,090 Rutledge Center,2017-06-23
695,696,Brody Lurcock,RDs9NKdw1q,blurcockjb@lulu.com,,Lewotola,410 Thompson Parkway,2017-02-12
696,697,Norry Stebbings,7ikoV0z,nstebbingsjc@blog.com,18-230,Ciechanowiec,17249 Grim Center,2017-06-17
697,698,Rosemary Sedgefield,tAzUQnn,rsedgefieldjd@disqus.com,,Viraco,1028 Heffernan Court,2017-04-21
698,699,Mordecai Clampe,gMErKr4cI,mclampeje@engadget.com,3505,Estefania,30935 Lillian Pass,2017-07-15
699,700,Kristian Riggoll,iU1XD5Xn1,kriggolljf@biglobe.ne.jp,60652,Chicago,2906 Muir Place,2017-07-30
700,701,Fredia O'Sheils,kKadiEC3B,fosheilsjg@oracle.com,951-8167,Niigata-shi,00 Anhalt Center,2017-10-25
701,702,Lynea Bisset,FACTYGbXgjE,lbissetjh@prlog.org,,Cacocum,1980 Dahle Park,2017-03-09
702,703,Bear Flipek,nOBJMyfuI,bflipekji@columbia.edu,164012,Rublëvo,4 Dwight Avenue,2017-04-22
703,704,Linoel Ratcliffe,TLglCOPZa,lratcliffejj@slideshare.net,,Akarakar,17 Hooker Crossing,2017-03-14
704,705,Jeremiah Lees,ozDOtHXZiebE,jleesjk@istockphoto.com,65350-000,Vitória do Mearim,910 Canary Plaza,2017-02-21
705,706,Ella Jeens,NS6LIH,ejeensjl@gnu.org,46254,Indianapolis,9144 Shopko Alley,2017-08-28
706,707,Roderick Desesquelle,9yqI1ZuCi,rdesesquellejm@businessweek.com,,Anjie,187 Debra Junction,2017-01-30
707,708,Hilde Parradine,5hLzUVQ,hparradinejn@qq.com,999-8242,Hashimoto,58 Porter Court,2017-03-29
708,709,Agnese Kyd,PYA5kuYno5xQ,akydjo@behance.net,,Diapaga,64733 Fordem Point,2017-04-30
709,710,Meade Muttock,I3E7i7yIoV6,mmuttockjp@twitter.com,,Kuala Baru,62 Pleasure Alley,2017-11-02
710,711,Cloris Fagence,90cm4C,cfagencejq@cpanel.net,,Mataguži,97783 Hazelcrest Plaza,2017-06-05
711,712,Devina Duerdin,DPKmzGW60z,dduerdinjr@europa.eu,55000-000,Caruaru,8 Talmadge Lane,2017-02-27
712,713,Izzy Grovier,yaX10NIgxW,igrovierjs@paypal.com,44369,Dortmund,2258 Toban Street,2016-12-04
713,714,Fern Rohloff,LnmhaUPCn,frohloffjt@npr.org,,Rabāţ-e Sangī-ye Pā’īn,6 Porter Park,2017-06-29
714,715,Hulda Thring,budeyk,hthringju@shinystat.com,,Paccho,62781 Talmadge Trail,2017-09-04
715,716,Heidi Russen,Ck0Cjmx,hrussenjv@blogs.com,,Chujiang,275 Northport Place,2017-08-20
716,717,Blake Hane,QT91rs5jKa4V,bhanejw@ucsd.edu,672530,Atamanovka,2 Bultman Lane,2017-04-22
717,718,Aubrie Lockitt,N6JqIp,alockittjx@umn.edu,9601,Lais,37805 Pepper Wood Drive,2017-07-05
718,719,Sheilakathryn Bront,hyjCHhh4Ct,sbrontjy@ocn.ne.jp,,Dayr Sharaf,7 Sundown Road,2017-08-03
719,720,Curry Hakeworth,yDQBuyM4bn4,chakeworthjz@sbwire.com,,San Jerónimo,64241 Brown Road,2017-10-10
720,721,Celka Priddey,shVXznlk,cpriddeyk0@nhs.uk,44380-000,Cruz das Almas,03 Granby Parkway,2016-12-06
721,722,Pebrook Durrant,nfSaXF0M3VYC,pdurrantk1@abc.net.au,,Xinjian,587 Tennessee Trail,2017-02-15
722,723,Danit Truter,BPYSCbc,dtruterk2@dedecms.com,1757,København,6967 Golf Hill,2017-01-03
723,724,Marilee Keenleyside,89rCtcaj,mkeenleysidek3@joomla.org,612 32,Finspång,804 Cody Pass,2017-05-11
724,725,Lara Itchingham,oirk3Lrdr,litchinghamk4@jigsy.com,,Jakusko,4 Ridgeview Parkway,2017-01-13
725,726,Gertie Chatres,ZtYlALCtSQ,gchatresk5@google.ca,,Nizami,16243 Michigan Point,2017-08-31
726,727,Enrique Stilgoe,oGuCHDpZmU,estilgoek6@gravatar.com,,Pánormos,24 Messerschmidt Court,2017-09-03
727,728,Glad Ottiwill,dozWzeS,gottiwillk7@china.com.cn,4505-427,Lobão,243 Fairfield Drive,2017-02-27
728,729,Johnath Venney,TwAM6xPiWH5C,jvenneyk8@house.gov,903 42,Umeå,726 Declaration Road,2017-04-17
729,730,Dur Lennard,9DfLvO,dlennardk9@ebay.com,4580-290,Besteiros,2 Anhalt Avenue,2017-08-15
730,731,Pegeen Deavall,O3Kgv47,pdeavallka@cisco.com,7610,Pécs,5433 Tomscot Avenue,2017-09-22
731,732,Cynthia Letch,fop7JlEswj,cletchkb@netlog.com,281 32,Hässleholm,3 Clarendon Park,2017-11-07
732,733,Grace Ewings,6xI2YuU,gewingskc@biglobe.ne.jp,,Birinci Aşıqlı,471 Nova Street,2016-11-17
733,734,Brod McDill,ARz5QT,bmcdillkd@seattletimes.com,11005,Cadiz,5462 Jackson Park,2017-08-16
734,735,Kaitlyn Vale,QOPCSl5apS,kvaleke@statcounter.com,1330,Dohār,8995 Merrick Court,2017-05-26
735,736,Wylie Pittem,lARzn0iV0,wpittemkf@baidu.com,4860-411,Sobreira,564 Lakeland Road,2017-01-31
736,737,Weylin Sexon,tiNn1rElLg,wsexonkg@ted.com,,Wanliang,06 Upham Pass,2017-09-22
737,738,Toni Burgen,uY2QtBPYN17,tburgenkh@example.com,,Capellanía,0703 Loomis Plaza,2017-04-11
738,739,Way O'Shavlan,XAOHUMKKYtU,woshavlanki@sun.com,698 01,Veselí nad Moravou,478 Longview Point,2017-07-25
739,740,Mattie Oxborough,A7ubYKR,moxboroughkj@washingtonpost.com,,Féres,87561 Straubel Circle,2017-03-31
740,741,Pet Ivashechkin,WvqbrKn6J,pivashechkinkk@businesswire.com,33686,Tampa,5 Judy Point,2017-03-15
741,742,Emalee Lowbridge,rOAAAv,elowbridgekl@webeden.co.uk,,Temayang,37772 7th Circle,2017-04-06
742,743,Pam Coutthart,x9JQoxdh,pcoutthartkm@ustream.tv,48400-000,Ribeira do Pombal,0492 Kipling Road,2017-05-31
743,744,Doti Donahue,DhkOCx,ddonahuekn@washington.edu,69670-000,Fonte Boa,3719 Hoepker Avenue,2016-11-20
744,745,Nikolos MacRinn,WOzcLDPo,nmacrinnko@networkadvertising.org,97670,Ouangani,8160 Stone Corner Court,2017-07-12
745,746,Peirce Hiscoke,nyguJL,phiscokekp@bing.com,,Eldoret,92 Spenser Way,2017-02-17
746,747,Wendy Lapslie,GLoXVK4Sdew,wlapsliekq@deviantart.com,8047,Graz,9885 Vermont Junction,2017-10-31
747,748,Art Teece,XfCzmqe7TDr,ateecekr@uiuc.edu,186167,Shal’skiy,4 Vidon Plaza,2017-11-01
748,749,Reeta Braybrooke,ebcwKxG,rbraybrookeks@deliciousdays.com,,Qingkou,2999 Texas Pass,2017-01-08
749,750,Farrell Trussler,5KsKyts,ftrusslerkt@nytimes.com,,Quime,63698 Corscot Junction,2017-06-12
750,751,Tony Wakely,qcJSP5b2,twakelyku@ocn.ne.jp,,Dobropillya,124 Logan Street,2017-07-04
751,752,Morena Paxton,Uk61lp2VD5,mpaxtonkv@infoseek.co.jp,,Vylkove,1650 Amoth Point,2017-01-08
752,753,Loleta Doughton,2qft2KrDMM04,ldoughtonkw@cdbaby.com,777 82,Smedjebacken,320 Killdeer Street,2017-05-25
753,754,Earvin Le Pruvost,cEi3pZ4G,elekx@imdb.com,20270,Lue Amnat,35 Jackson Avenue,2017-07-29
754,755,Garwin Latter,exyBb5g,glatterky@phpbb.com,398 51,Sepekov,93128 Clemons Lane,2017-04-04
755,756,Esmeralda Trenchard,ALzXA3PcOIi3,etrenchardkz@paypal.com,503-0232,Hondo,5319 Hovde Trail,2016-12-18
756,757,Gustavo MacCawley,QQstjLo6fevQ,gmaccawleyl0@berkeley.edu,3003,Calumpit,2626 Clyde Gallagher Crossing,2017-07-03
757,758,Analise Lumsdale,WyQQVe6GM,alumsdalel1@i2i.jp,5401,Marintoc,44210 Di Loreto Point,2017-08-19
758,759,Wileen Parramore,YcikQkPxw1S,wparramorel2@tmall.com,,Toungo,905 Duke Court,2017-03-14
759,760,Desi Goroni,6zC7mR5,dgoronil3@wp.com,4415-928,Seixezelo,1635 Oriole Court,2017-04-02
760,761,Pam Simmons,WROewFCzL89o,psimmonsl4@unc.edu,91893 CEDEX,Orsay,33335 Oak Center,2016-12-03
761,762,Eudora Sucre,A8hzubyuE,esucrel5@google.ca,,Pendiqing,57 Bellgrove Road,2016-11-28
762,763,Isaac Kelemen,WWSPX5pN3Q,ikelemenl6@scientificamerican.com,,Al Khafjī,92460 Cody Street,2017-09-07
763,764,Delora Midner,89d1qBW,dmidnerl7@spotify.com,39005,Santander,7102 Comanche Point,2017-03-30
764,765,Findlay Craigie,hwWpkyKIWxle,fcraigiel8@google.ca,5291,Vrtojba,2 Northridge Drive,2017-06-07
765,766,Gideon Howlett,hVwqnM8slof,ghowlettl9@dmoz.org,77193 CEDEX,Dammarie-les-Lys,77 Northview Parkway,2017-10-02
766,767,Arden Jakov,kqlfiDeb,ajakovla@usa.gov,,Shantou,4 Mifflin Avenue,2017-06-16
767,768,Natale Eilhermann,7CpU7Vp,neilhermannlb@wp.com,,Lunik,86 Michigan Court,2017-04-08
768,769,Rudie Twitching,JBq06Nfs8dH3,rtwitchinglc@cloudflare.com,761 43,Norrtälje,392 Mayer Court,2016-11-28
769,770,Richart Moore,KBO0RcxE,rmooreld@uiuc.edu,,Toubao,26 South Pass,2017-04-18
770,771,Jan Pargeter,IR5QfKYecU,jpargeterle@topsy.com,,Belovodskoye,205 Merchant Terrace,2017-06-18
771,772,Earlie Checcucci,9pZMSc,echeccuccilf@army.mil,369-1201,Honjō,1312 Merry Parkway,2017-06-06
772,773,Archibaldo Clews,2Frr8C9b8ry,aclewslg@npr.org,,Nasilava,56389 Oak Street,2017-07-21
773,774,Mollie Ebdon,ZLYgGT,mebdonlh@ow.ly,,Baohe,55 Coolidge Avenue,2017-06-17
774,775,Chucho Bertwistle,Jo9NKZoVOs,cbertwistleli@goo.ne.jp,,Bardaskan,6965 Monterey Road,2017-05-24
775,776,Paolo Boase,DXUQV04S,pboaselj@facebook.com,,Panolan,7739 Westport Way,2017-02-26
776,777,Antonetta McCall,K32WQOa,amccalllk@noaa.gov,N3Y,Digby,90357 Arapahoe Plaza,2017-08-02
777,778,Matti Avrahamy,qtvGeMJc0INo,mavrahamyll@meetup.com,,Komysh-Zorya,62016 Lukken Parkway,2017-05-07
778,779,Francklin Hornbuckle,5hj8Mzt5S,fhornbucklelm@cnn.com,32244,Jacksonville,7820 Artisan Pass,2017-04-29
779,780,Darrel Zarb,e7B4a4ihT,dzarbln@delicious.com,,Klumbu,8 Anhalt Terrace,2016-12-13
780,781,Kin Connew,Y2xi81CDnyYy,kconnewlo@comsenz.com,,Abreus,1 Ronald Regan Terrace,2016-12-27
781,782,Vernice Lilleycrop,9hVYXKR,vlilleycroplp@yolasite.com,,Olocuilta,3722 Columbus Crossing,2016-11-27
782,783,Gene Jagiello,UkBuUYiPDqV,gjagiellolq@t-online.de,,Zhongshan,3 Anhalt Circle,2017-02-26
783,784,Catherina Normadell,AfwXynEBXV,cnormadelllr@foxnews.com,,Dukuhsia,383 Grasskamp Center,2017-11-04
784,785,Niel Beeby,FJ60KH4PBN3,nbeebyls@sakura.ne.jp,,Jindaoxia,57 Eggendart Junction,2017-02-24
785,786,Jim Hyett,09pEamsC,jhyettlt@cafepress.com,,Lloqan,85 Golf View Parkway,2017-06-26
786,787,Arel Rotherforth,mWB2v1h,arotherforthlu@webmd.com,,Thị Trấn Quế,92518 Kropf Way,2017-02-23
787,788,Carlie Lippard,0PpV2dDhmyQ,clippardlv@delicious.com,,Vitez,7 Briar Crest Court,2017-09-25
788,789,Kasper Garwell,9KYszqiCW54,kgarwelllw@github.io,416345,Kamyzyak,73683 Tennyson Way,2017-05-23
789,790,Sheilah Carvill,oria9lK6y0b8,scarvilllx@globo.com,,Banjar Sandinggianyar,3031 Manufacturers Lane,2017-04-09
790,791,Daria Bevar,eQHkZUzEo,dbevarly@msn.com,87201,Albuquerque,181 Memorial Plaza,2017-05-15
791,792,Vidovic Bedder,wSPBrTp,vbedderlz@nyu.edu,,Cerrito,57815 Morrow Plaza,2017-09-17
792,793,Jon Sappell,WKByivU,jsappellm0@irs.gov,,Khallat Şāliḩ,47 Magdeline Junction,2017-07-30
793,794,Florella Fergie,uXq8AAWKWypw,ffergiem1@merriam-webster.com,2205,Kongsvinger,0 Reindahl Street,2017-06-28
794,795,Merna O' Scallan,NHFi5zLSD,mom2@tinyurl.com,,Bailu,47 Express Way,2017-02-17
795,796,Caril Drewe,ZOpscN6TzW,cdrewem3@jimdo.com,,Bao’an,4195 Mandrake Court,2017-09-29
796,797,Candra Kinkead,FPDExbTXKm03,ckinkeadm4@amazon.co.uk,,Lengkong,61869 Ohio Way,2017-07-11
797,798,Knox Trillow,1Cwvn6y,ktrillowm5@dagondesign.com,9560-097,Lagoa,96253 Namekagon Park,2017-02-28
798,799,Katie Schurig,Ew9USC82qG4U,kschurigm6@hugedomains.com,,Kocēni,91 Meadow Valley Place,2017-10-07
799,800,Fredia Pennone,TCiqDZ,fpennonem7@thetimes.co.uk,801,Pinagsibaan,8 Buell Hill,2017-07-06
800,801,Base Dymidowicz,y2ZJnhScfvZp,bdymidowiczm8@oracle.com,921 33,Lycksele,6661 Nobel Hill,2017-03-14
801,802,Martelle Pinar,tI3Ze0ybM,mpinarm9@yelp.com,,Xiadahe,543 Rockefeller Place,2017-10-29
802,803,Annice Snozzwell,P9om78Y,asnozzwellma@bandcamp.com,777 82,Smedjebacken,98 Kings Park,2017-04-02
803,804,Izabel Garken,sVS8fY,igarkenmb@ask.com,,Yuxin,2231 Ridgeway Trail,2017-04-19
804,805,Loutitia Halworth,v3XcIkKcJLe,lhalworthmc@slideshare.net,,Xindong,1 Reinke Terrace,2017-04-01
805,806,Mahmoud Skerm,6fzXIyD1i,mskermmd@blog.com,32-015,Targowisko,608 Starling Center,2017-01-20
806,807,Lorin Oland,gq2gP7,lolandme@storify.com,681008,Solnechnyy,19965 Morrow Pass,2017-01-31
807,808,Susana Meneo,KejQjy6zA87,smeneomf@barnesandnoble.com,,Qingyuan,837 Oxford Plaza,2017-07-23
808,809,Mary Rosenshine,ZLacLavFYI,mrosenshinemg@symantec.com,733558,Guamo,4 Clyde Gallagher Hill,2017-06-03
809,810,Dani MacHostie,M1P4zMLvolj,dmachostiemh@edublogs.org,2618,Malabonot,985 Farwell Avenue,2017-02-19
810,811,Alyss Durtnal,oBXukvow,adurtnalmi@cafepress.com,,Marco,04 Westridge Alley,2017-02-27
811,812,Chane Font,LhdUxI,cfontmj@ameblo.jp,,Jinhe,98236 Waywood Place,2017-06-24
812,813,Chucho Spavins,vuzFaac9,cspavinsmk@google.co.uk,,Magoúla,63708 Crowley Point,2017-08-16
813,814,Elwyn Fulop,FiEFFS0n,efulopml@arizona.edu,,Daba,0 Boyd Place,2017-09-16
814,815,Terrijo Fontel,wrSstdI3AlgE,tfontelmm@archive.org,4425,San Ramon,9 Mesta Drive,2017-05-13
815,816,Nissa Hemphall,kOsS5jvFk6uo,nhemphallmn@xinhuanet.com,,Áyios Vasílios,9809 Banding Crossing,2017-09-05
816,817,Franky Ferne,2NER0f5Nz8,ffernemo@feedburner.com,,Panzhou,001 Springs Junction,2016-12-24
817,818,Delilah Escofier,7rbZJ7Z,descofiermp@mediafire.com,1221,Kamenjane,46767 Florence Plaza,2017-04-06
818,819,Hester O'Loughnan,uTwoGNNcA,holoughnanmq@webnode.com,,Alebtong,592 Pepper Wood Court,2016-12-19
819,820,Tatiania Yurkin,rJZarok,tyurkinmr@princeton.edu,708-1104,Ayabe,226 Morrow Point,2017-01-02
820,821,Norby Dumbrill,CPvDAYsaA,ndumbrillms@posterous.com,7900-374,Odivelas,36 New Castle Terrace,2016-12-20
821,822,Lucina Winckworth,Rdun6gFbTld,lwinckworthmt@jugem.jp,,Prroshyan,0011 Melvin Terrace,2017-05-31
822,823,Cordey Pawlick,V69JypLwvXIJ,cpawlickmu@about.com,79204 CEDEX,Parthenay,317 Roth Court,2016-12-12
823,824,Estrella Goldstein,SFKnrBdch,egoldsteinmv@wikia.com,13008,Soloma,3 Rockefeller Lane,2017-05-31
824,825,Lethia Snasel,XkOoGo,lsnaselmw@mysql.com,7037,Lapuyan,8200 Sage Hill,2017-07-14
825,826,Cash Dallow,Q7VjL0d8d8,cdallowmx@upenn.edu,,Yanshan,2 Forest Dale Parkway,2017-03-20
826,827,Dot Romera,B4lYegCLJFu,dromeramy@google.pl,356326,Kalinovskoye,99245 Eagan Place,2017-04-13
827,828,Delphinia Lewing,9sMOiBjK1,dlewingmz@people.com.cn,,Uchiza,26 Iowa Road,2017-05-02
828,829,Belita Kissell,ExDblP,bkisselln0@quantcast.com,13000-000,Campinas,19 Old Gate Terrace,2017-10-20
829,830,Sunshine Twiggins,YoqZYRic,stwigginsn1@edublogs.org,121 32,Enskededalen,3 Crescent Oaks Circle,2017-08-20
830,831,Micheil Healings,IhHnvw8h,mhealingsn2@php.net,,Houk,19783 Karstens Circle,2017-03-25
831,832,Giulia Fulk,6bBezvK,gfulkn3@home.pl,,Pardesiyya,072 Lake View Road,2017-10-15
832,833,Roldan Lett,Xvu8FftnYh,rlettn4@seesaa.net,06-440,Gąsocin,9253 Magdeline Road,2017-01-10
833,834,Della Starbucke,D7R1VhiMT,dstarbucken5@prweb.com,111711,Candelaria,02 Esch Point,2017-02-21
834,835,Cesaro Storrier,nNmSCBtrI,cstorriern6@irs.gov,45306,Camino Real,0661 Springview Trail,2017-09-20
835,836,Simone Doe,Ol2Np7x,sdoen7@tmall.com,,Sijunjung,90 Manley Plaza,2017-01-02
836,837,Coraline Hanlon,3pRGf3J72dIX,chanlonn8@so-net.ne.jp,,Longsheng,00318 Luster Center,2017-02-27
837,838,Waylon Hallagan,8eYodXZyQB,whallagann9@nsw.gov.au,,Polykárpi,67289 Acker Way,2017-08-04
838,839,Fernande Saye,ioZCWy0,fsayena@ifeng.com,66-330,Pszczew,2284 Memorial Avenue,2017-01-18
839,840,Fern Marflitt,4sBkEOgjyX85,fmarflittnb@buzzfeed.com,456811,Nizhniy Ufaley,96 Morningstar Road,2017-02-18
840,841,Lucine MacTrustram,xR7fow,lmactrustramnc@sourceforge.net,09-210,Drobin,9 Claremont Point,2017-04-06
841,842,Iormina Costain,gaDWpV,icostainnd@netvibes.com,69820-000,Canutama,88374 Di Loreto Junction,2017-08-23
842,843,Stella Fullager,b0EJoX1mVnu,sfullagerne@photobucket.com,6317,Bilar,3 Sugar Avenue,2017-06-01
843,844,Garvin Glackin,nSTu2MlKAwMf,gglackinnf@accuweather.com,,Guji,660 Thierer Junction,2016-12-15
844,845,Adara Fraczak,HRghmtcXaEV,afraczakng@github.com,400000,Vodstroy,0 8th Plaza,2017-11-08
845,846,Chico Demougeot,OqsLh4Xq,cdemougeotnh@de.vu,4935-804,Vila Fria,152 Delladonna Terrace,2017-03-18
846,847,Latashia Sadlier,tVCSue98s1,lsadlierni@usda.gov,,Pancoran,320 Fulton Center,2016-12-16
847,848,Edgardo Waudby,brZwJjA613Z,ewaudbynj@dagondesign.com,,Hujiaying,4 Messerschmidt Drive,2017-04-19
848,849,Beck Philcott,VTeExO,bphilcottnk@1688.com,401-0335,Fujikawaguchiko,6707 Stone Corner Park,2017-03-10
849,850,Law Raccio,KMa1w8u,lraccionl@wikipedia.org,,Lingdangge,61 Anzinger Junction,2017-01-15
850,851,Noellyn Trouel,QzMPB38eX,ntrouelnm@census.gov,10807,Purral,20637 Vermont Crossing,2017-05-28
851,852,Esteban Trevain,ggJZXW56olvj,etrevainnn@discuz.net,,Belz,708 Logan Junction,2017-06-22
852,853,Paulita Keneleyside,OoxBAzJ3,pkeneleysideno@ameblo.jp,,Bafilo,8 Leroy Point,2016-12-17
853,854,Trix Banbury,Nqg0EvAOo5om,tbanburynp@studiopress.com,,Weetobula,56239 Emmet Road,2016-12-06
854,855,Ambur Skarin,JYlwMRFHJ,askarinnq@printfriendly.com,13560-000,São Carlos,11 Eliot Drive,2016-12-01
855,856,Sheena Jirik,yhGYGg1,sjiriknr@issuu.com,76205,Denton,48 Pennsylvania Center,2017-03-28
856,857,Alfonse Stuckley,VVtRvIFlysKf,astuckleyns@kickstarter.com,,Dalududalu,58009 Weeping Birch Pass,2017-04-28
857,858,Dorothee Bruineman,Yrxw7bQS,dbruinemannt@narod.ru,,Plandi,5 7th Pass,2017-02-11
858,859,Pennie Purcer,i2YWakRCwTSF,ppurcernu@a8.net,353993,Novorossiysk,79508 Burning Wood Road,2017-07-24
859,860,Joshia Schmidt,ixUkAr58JPJ,jschmidtnv@imdb.com,17110,Harrisburg,813 Lyons Drive,2017-03-03
860,861,Viviene Linfield,XTxZFdm,vlinfieldnw@smugmug.com,,Pidvolochys’k,514 Fisk Court,2016-12-12
861,862,Sandro Pape,vfizLOnsV,spapenx@chron.com,,Verrettes,70 Meadow Vale Road,2017-03-12
862,863,Nathanil Ivakin,3hGjDdX,nivakinny@skyrock.com,8603,Bacag,6010 Farmco Way,2017-03-14
863,864,Lauren Kirley,0b3gYU9XfddU,lkirleynz@bigcartel.com,,Paujiles,9121 Warbler Park,2017-09-02
864,865,Roobbie Sinott,z5V4d9W1272O,rsinotto0@springer.com,,Onitsha,983 Bunting Trail,2017-07-17
865,866,Allyson Kleiner,UP53U4Hqjv,akleinero1@shop-pro.jp,,Tomay Kichwa,50 Forest Run Circle,2017-03-13
866,867,Douglass Rickesies,zxXexJMqWbcp,drickesieso2@about.com,47216,Buenavista,6971 Sachtjen Street,2017-01-11
867,868,Letitia Mussard,Tdx714Q,lmussardo3@addthis.com,357870,Edissiya,618 Fair Oaks Center,2017-02-21
868,869,Shandra Ipwell,Xj0qMVl,sipwello4@amazon.co.jp,2709,Galimuyod,7125 Sycamore Point,2017-06-11
869,870,Gerianna Oakes,6M1CSS,goakeso5@engadget.com,671 38,Višňové,16 Vermont Alley,2017-01-12
870,871,Gunter Grishelyov,73gs6rj8D3DQ,ggrishelyovo6@webnode.com,,Menlou’ao,9059 Longview Lane,2017-10-10
871,872,Georges Mallabund,Y3yIgOzVr0,gmallabundo7@g.co,162 61,Vällingby,91 Fair Oaks Hill,2017-04-11
872,873,Abbie Prosh,DBifx4,aprosho8@friendfeed.com,,Chauk,41620 Armistice Crossing,2017-05-25
873,874,Mignon Heningam,iKvYmdJcMM,mheningamo9@geocities.com,,Yangzhuang,674 Bultman Park,2017-03-09
874,875,Gerti Aronovich,RaCcgWFaQgM9,garonovichoa@google.ca,2415,Aguilar,024 Hauk Lane,2017-07-24
875,876,Kilian Padfield,5UwK23gZ,kpadfieldob@networksolutions.com,,Jami,7 Roth Street,2017-08-11
876,877,Gladys Kleinpeltz,IhSI0RdDiVE,gkleinpeltzoc@yahoo.co.jp,162700,Nelazskoye,0 Norway Maple Drive,2017-09-06
877,878,Kirsti Keat,C16ORwthTwAm,kkeatod@alexa.com,08-400,Garwolin,2 Fulton Hill,2017-10-17
878,879,Ortensia Cockren,WfgVZNtf,ocockrenoe@mozilla.org,65715-000,Lago da Pedra,06125 Vera Park,2017-10-01
879,880,Brew Chadband,O90yNfVx,bchadbandof@stumbleupon.com,,Baizhu,6988 Pennsylvania Alley,2017-03-24
880,881,Pattie Hewell,7nDUOGQ,phewellog@ebay.co.uk,,Gugark’,329 Pennsylvania Road,2017-09-11
881,882,Zora Sugge,nMjwRltwp,zsuggeoh@craigslist.org,,Tenggong,680 Browning Lane,2017-10-18
882,883,Eddi Eliot,iL2jP4,eeliotoi@yahoo.com,,Heishan,08241 Northport Plaza,2017-07-04
883,884,Huey Loddy,0WlB0MheJAz,hloddyoj@simplemachines.org,4609,Bergen op Zoom,76 Norway Maple Street,2017-03-06
884,885,Aloisia Lacey,W3rdByRA,alaceyok@mashable.com,117 68,Stockholm,43307 Sunnyside Drive,2016-12-10
885,886,Ruprecht Caddies,21cwNzCm,rcaddiesol@census.gov,366309,Shali,9994 Vera Alley,2017-09-05
886,887,Raf Friedlos,ZwaKzxaDCFi1,rfriedlosom@ihg.com,1151,Tarusan,21 Merrick Center,2017-11-14
887,888,Jewelle Bambrugh,G98HaFFlP,jbambrughon@springer.com,,Qingzhou,85274 Fremont Hill,2017-03-26
888,889,Jelene Mabey,layIDnBtwnz,jmabeyoo@jiathis.com,,Beipai,198 Cordelia Place,2017-08-05
889,890,Valery Stienham,3McVcLFx5,vstienhamop@google.nl,1250,Debar,15323 Dryden Way,2017-03-21
890,891,Gerianne Farbrace,4sFkxrYV,gfarbraceoq@posterous.com,2302,Orizari,0 Monterey Center,2016-12-11
891,892,Othello Maypowder,uayNu5mtyG0c,omaypowderor@etsy.com,16999 CEDEX 9,Angoulême,4336 Oxford Hill,2017-07-29
892,893,Berkly Londors,qNsoyPgr,blondorsos@intel.com,309288,Yakovlevo,198 Union Plaza,2017-04-25
893,894,Patrizius Feaveryear,EJQLvIFO1,pfeaveryearot@mashable.com,,Jianggu,94627 Golf Lane,2017-02-26
894,895,Brynne Gravener,wkQjd2Hv8zJ,bgravenerou@weebly.com,692980,Lazo,42 Doe Crossing Way,2017-03-20
895,896,Daniella Selwin,crGbL3ruMwnS,dselwinov@ed.gov,,Nangabulik,38676 Cody Park,2017-08-08
896,897,Caralie Meiklem,zj2Moxa0R,cmeiklemow@merriam-webster.com,8150-045,Malhão,95 Morningstar Road,2017-01-17
897,898,Dion Rappoport,q6ZJ4F2n,drappoportox@gov.uk,692-0212,Yonago,567 Hovde Park,2017-09-16
898,899,Marina Livick,RxPYVqespHD,mlivickoy@imgur.com,8904,Leeuwarden,82608 Troy Hill,2017-06-04
899,900,Marlin Mabbott,NRkHcJDAVB,mmabbottoz@gov.uk,,Nanyang,14 Commercial Park,2017-08-15
900,901,Ranique Glyn,i0v21Q6TP,rglynp0@mysql.com,,Baicheng,58575 Scofield Lane,2017-04-26
901,902,Hamel Bassilashvili,loFmb4,hbassilashvilip1@buzzfeed.com,,Qingduizi,59 Kedzie Park,2017-04-28
902,903,Bobbee Sharram,HjWt2GdN,bsharramp2@msu.edu,4520-509,Quinta,2 Northwestern Center,2017-10-03
903,904,Far Farmloe,zoMAO5e1,ffarmloep3@surveymonkey.com,,Jianggao,78 Red Cloud Point,2017-05-02
904,905,Bram Entwhistle,GNnRNvI,bentwhistlep4@xrea.com,,Xiangrong,7022 Grasskamp Way,2017-08-05
905,906,Harwell Ebi,WQFqdP3QG,hebip5@imgur.com,,Sanmiaoqian,256 Oak Valley Trail,2016-12-25
906,907,Vitoria Moseby,BKTX0OXIF,vmosebyp6@ibm.com,678214,Kysyl-Syr,731 Johnson Plaza,2017-03-27
907,908,Janice Melesk,A5CXsIN3Oq,jmeleskp7@vinaora.com,,Lingkou,888 Waxwing Trail,2017-07-24
908,909,Allys Dollimore,0jXAwHrs,adollimorep8@skype.com,,Sanqiao,8 Pawling Alley,2017-01-27
909,910,Callida Clemson,k9U9Vsbjsd3,cclemsonp9@sbwire.com,9755,Lady Grey,478 Riverside Trail,2017-11-14
910,911,Glynda Tunniclisse,i345xqXu,gtunniclissepa@ucsd.edu,,Kalchevaya,970 Manley Pass,2017-04-21
911,912,Avril St. Quentin,cG5BD9M,astpb@youku.com,,Levuka,46 Bay Terrace,2017-08-15
912,913,Vasili Erni,o86nJthof,vernipc@dailymotion.com,,Qidu,96816 Hovde Pass,2017-01-31
913,914,Rozamond Youdell,ViwUny6hs,ryoudellpd@japanpost.jp,592 14,Kyjov,02 Valley Edge Point,2017-02-26
914,915,Glynda Dominichelli,Mw9DHXKs2J5,gdominichellipe@google.de,,Béja,76316 Chinook Drive,2016-11-19
915,916,Haywood Dakin,hF1jmQpQ,hdakinpf@gravatar.com,,Dailekh,57 Upham Alley,2017-07-05
916,917,Nadia Mc Trusty,qlm1EzIQKH,nmcpg@slate.com,618284,Yubileynyy,12700 Old Gate Place,2017-03-22
917,918,Lani Schwand,ZA1yVX,lschwandph@cocolog-nifty.com,62-220,Niechanowo,8310 Vidon Road,2016-12-14
918,919,Raynor Olorenshaw,u6kMFsB,rolorenshawpi@gravatar.com,187789,Podporozh’ye,359 Cambridge Drive,2017-06-17
919,920,Sly Flaonier,Js7s4q,sflaonierpj@angelfire.com,,Hanchang,96 Acker Place,2017-10-25
920,921,Frasco Scrowby,R3MqkQR,fscrowbypk@csmonitor.com,,Xiadu,0478 1st Way,2017-09-12
921,922,Sholom Scrowson,02e4eg,sscrowsonpl@gov.uk,,Sardasht,52 Westend Place,2016-11-27
922,923,Dimitri Blevin,ANJ2wFSdX,dblevinpm@globo.com,28410,Wilmington,9 Forest Run Pass,2017-04-27
923,924,Alden Ledwich,0UFBhi,aledwichpn@dropbox.com,,Twante,12 4th Road,2017-07-29
924,925,Luce Phettiplace,YvWnQ4n,lphettiplacepo@spotify.com,,Ajman,7859 Arapahoe Junction,2017-10-31
925,926,Jard Stickings,TCaDKNyU,jstickingspp@ning.com,692980,Lazo,850 Spenser Place,2017-05-14
926,927,Lelia Kaubisch,tzVllj,lkaubischpq@umn.edu,,Isaka,71159 Loeprich Circle,2017-02-02
927,928,Laney Hixley,W1PRs8iA,lhixleypr@nasa.gov,38400-000,Uberlândia,89 Village Circle,2017-07-29
928,929,Abbie O'Corhane,1MZVDixs,aocorhaneps@dyndns.org,,Apuri,1529 Amoth Junction,2017-08-18
929,930,Ilaire Duns,9Me3pNSX,idunspt@princeton.edu,,Anding,35249 Packers Junction,2017-07-24
930,931,Hakim Foynes,0EkFRzEh,hfoynespu@eepurl.com,413008,Rivera,55296 Ryan Crossing,2017-04-06
931,932,Minny Baudrey,dl9rxC47PWoZ,mbaudreypv@ning.com,,Kanbe,162 Mitchell Trail,2017-03-01
932,933,Melisenda Dagger,i9EFZPa,mdaggerpw@statcounter.com,,Jiamachi,6 Hollow Ridge Center,2017-08-31
933,934,Guilbert Halksworth,tVat5fhv7x1,ghalksworthpx@so-net.ne.jp,21216,Baltimore,17643 New Castle Way,2017-06-05
934,935,Ancell Knuckles,ohxAnD,aknucklespy@ftc.gov,8301,San Miguel,9 Melvin Park,2016-11-19
935,936,Bebe Antalffy,4HJ14SLVWl2,bantalffypz@google.com.br,,Xinquan,12466 Eagan Terrace,2017-05-05
936,937,Lisetta Linch,CImETrXG,llinchq0@oakley.com,,Barg-e Matāl,6075 Shelley Drive,2017-03-05
937,938,Duane Kobes,fLCgNaB,dkobesq1@jigsy.com,53467,Maceo,62520 Superior Way,2017-06-26
938,939,Sharon McQuirk,6flm6BY1v8,smcquirkq2@npr.org,,Hacıqabul,57 Sundown Street,2017-02-09
939,940,Padgett Lewerenz,PYPXAJk,plewerenzq3@comcast.net,,Horki,782 Chinook Terrace,2017-10-06
940,941,Yurik Crosfield,7mqqOUQVi2,ycrosfieldq4@example.com,,Qacha’s Nek,75 Bartillon Circle,2017-01-08
941,942,Ingram Chipchase,Y3Uss9i,ichipchaseq5@japanpost.jp,961 36,Boden,00 Prairieview Alley,2016-12-10
942,943,Mara Murrow,nXsNuBHwn,mmurrowq6@flavors.me,396340,Kolodeznyy,144 Anthes Alley,2017-04-20
943,944,Nertie Biesty,9IqNmUOQe,nbiestyq7@dot.gov,91574 CEDEX,Massy,6486 Lunder Court,2017-04-16
944,945,Marie McDill,uvPOFTz9Fg,mmcdillq8@netvibes.com,,Douala,4276 Warrior Lane,2017-07-26
945,946,Blinni Davy,FoRKPPprEAlJ,bdavyq9@dropbox.com,46980-000,Iraquara,62 Arkansas Park,2017-02-12
946,947,Crista Handley,HcUMyoAdICv8,chandleyqa@github.io,2841,La Eduvigis,605 Waywood Park,2017-02-21
947,948,Kirby Kreuzer,Ox0Dms,kkreuzerqb@wix.com,84304 CEDEX,Cavaillon,9 Declaration Road,2017-02-10
948,949,Noel Thieme,in71FSunrpTw,nthiemeqc@wufoo.com,4505-224,Fiães,47 Eastwood Lane,2017-03-22
949,950,Jed Belloch,dNP0sI,jbellochqd@elegantthemes.com,,Liudong,54682 Rockefeller Court,2017-04-24
950,951,Korry Braime,HU1fE5,kbraimeqe@oaic.gov.au,,Gambo,72037 Sycamore Park,2017-10-16
951,952,Waylen Calam,hsix4lC,wcalamqf@apache.org,,Shahrud,4093 Grover Alley,2017-10-07
952,953,Douglass Cubuzzi,CdOrsQg43hOM,dcubuzziqg@gravatar.com,,Vlycháda,6128 Ryan Terrace,2017-10-29
953,954,Tuck Dwerryhouse,7v68F1oOsbc,tdwerryhouseqh@google.fr,309509,Staryy Oskol,2238 Bay Alley,2017-10-21
954,955,Charmian Storry,HMbfkWBMD4MZ,cstorryqi@china.com.cn,7011,Bayog,16294 Tennyson Court,2017-09-25
955,956,Vitia Beddall,mc1NaHFp,vbeddallqj@storify.com,77288,Houston,8075 Truax Avenue,2017-09-27
956,957,Davide Napier,wILoIWGZWP,dnapierqk@abc.net.au,,Sergelen,7071 Express Circle,2017-02-19
957,958,Gwennie Cahan,aJ1QIBPNl,gcahanql@reference.com,05-622,Belsk Duży,13 7th Crossing,2016-11-23
958,959,Sullivan Siward,1Z9zhF1uU,ssiwardqm@usatoday.com,692943,Vrangel’,3731 Kropf Center,2017-07-16
959,960,Carrissa Aloshechkin,VX2Vmm,caloshechkinqn@jalbum.net,58823-000,Juàzeirinho,03085 Dayton Way,2017-04-07
960,961,Wright Pennell,ZDaDH4GdZL,wpennellqo@eepurl.com,,Yongyang,9764 Elmside Plaza,2017-03-15
961,962,Blanch Boggas,R894RmBK,bboggasqp@stumbleupon.com,,Handaqi,3 Kim Crossing,2017-03-04
962,963,Garrett Aubrun,vw2BvV,gaubrunqq@blinklist.com,,Horad Rechytsa,6768 Declaration Park,2017-06-21
963,964,Franklyn Forre,uBEaAXEGdKq,fforreqr@is.gd,43-330,Wilamowice,08 Graceland Terrace,2017-06-30
964,965,Guglielmo Pavlata,uv6EoTg,gpavlataqs@tmall.com,,Randu,78226 Corben Crossing,2017-03-23
965,966,Muriel Bartocci,ezfkQoVvT,mbartocciqt@vimeo.com,3220-077,Espinho,8 Eagle Crest Court,2017-10-21
966,967,Trixie Bleazard,geVsS57n,tbleazardqu@reuters.com,332 24,Gislaved,1352 Nelson Alley,2017-09-12
967,968,Andie Blenkharn,YAMpTPkBySYr,ablenkharnqv@i2i.jp,739 51,Dobratice,13 Harbort Plaza,2017-08-29
968,969,Jarred Goulborn,mOoH7GSW,jgoulbornqw@ow.ly,,Gaoyu,1659 Schlimgen Point,2017-06-22
969,970,Rab Urry,JIkzIxPweXnx,rurryqx@eventbrite.com,664511,Pivovarikha,423 Springview Parkway,2017-10-17
970,971,Yankee Willgrass,yGqTKf,ywillgrassqy@webs.com,,Liutao,65 Lillian Trail,2017-09-30
971,972,Orion Fynn,cBlDulQ,ofynnqz@twitpic.com,309975,Urazovo,45053 Ilene Alley,2017-07-13
972,973,Deeyn Dainter,2IYdwG7f1Qe0,ddainterr0@slate.com,4940-206,Quintães,897 Mccormick Street,2017-06-18
973,974,Puff Blaisdell,J77urFe9ZB,pblaisdellr1@sciencedaily.com,6219,Caticugan,4982 Clyde Gallagher Hill,2017-03-26
974,975,Lissy Dinsdale,Jrvlw5W3dQUj,ldinsdaler2@sun.com,,Tangjiakou,093 Kingsford Circle,2017-10-04
975,976,Augustine Aukland,OD1NLxhewuC,aauklandr3@usda.gov,,Ouaoula,73601 Rigney Point,2016-12-02
976,977,Elton Beagley,pzzTGVVWQT,ebeagleyr4@europa.eu,,Karangpeton,720 Northport Pass,2017-01-11
977,978,Neysa Ingre,gBeALQQ,ningrer5@mysql.com,4421,El Carril,66929 Lakeland Avenue,2017-01-02
978,979,Clarinda Batson,INYFdoyA0,cbatsonr6@scribd.com,2950-438,Venda do Alcaide,34152 Grim Park,2017-05-19
979,980,Ashla Tilson,KubBZ8hA,atilsonr7@nih.gov,,Kajok,437 Lyons Alley,2017-07-11
980,981,Cindie Rathmell,d9pfMh0Mg,crathmellr8@shop-pro.jp,42-286,Koszęcin,1256 Sherman Junction,2017-04-09
981,982,Deedee Cavet,V9VfLrhX,dcavetr9@cdc.gov,40990,Shah Alam,39424 Shoshone Terrace,2017-08-29
982,983,Edithe Culkin,1CnMsFypm8p,eculkinra@dyndns.org,48140,Nong Khai,44 Redwing Point,2017-01-11
983,984,Peggie Ianittello,jxMxp64lYurl,pianittellorb@noaa.gov,,Gaoping,0030 1st Street,2017-11-10
984,985,Tara Bartoszek,qQ4Fj6H46,tbartoszekrc@yandex.ru,6706,Gandara,80077 Carpenter Crossing,2017-01-05
985,986,Wilmar Iowarch,bnWihRGYavX,wiowarchrd@theglobeandmail.com,21260,Imotski,8 American Ash Terrace,2017-02-04
986,987,Haywood Coldwell,PYUxCCGjJ,hcoldwellre@foxnews.com,,Fuzihe,05 Pearson Center,2017-05-26
987,988,Adam Lafay,5pOP9OsLW,alafayrf@chronoengine.com,G5B,Port-Cartier,971 High Crossing Pass,2017-08-20
988,989,Margarethe Cussons,j50DJwg68a,mcussonsrg@aboutads.info,60614,Chicago,507 Milwaukee Avenue,2017-02-21
989,990,Birk Martignoni,zbc8rthrg5,bmartignonirh@deviantart.com,,Xiaopingba,4113 Merrick Park,2017-08-20
990,991,Flin Campa,41cdXpe6d,fcampari@t.co,684537,Albania,051 Hoffman Terrace,2016-12-30
991,992,Wren Geerits,XggL95tNd,wgeeritsrj@admin.ch,,Khovaling,4 Eastwood Place,2016-11-16
992,993,Loreen Lesser,coMWRHmW7,llesserrk@java.com,5100-724,Quintã,8 Crownhardt Way,2017-03-20
993,994,Zachariah Westfalen,TTtIlF,zwestfalenrl@amazonaws.com,42404 CEDEX,Saint-Chamond,15356 Warner Circle,2017-10-16
994,995,Herby Founds,O9zdtp,hfoundsrm@irs.gov,182160,Pokrovka,60259 John Wall Road,2017-05-23
995,996,Quincy Ragge,pcKUS2,qraggern@sciencedirect.com,3260,Kozje,1055 Schurz Junction,2017-02-16
996,997,Trueman Ivankov,ds2J0X7c,tivankovro@jigsy.com,,Kasamwa,78 Ronald Regan Place,2017-06-10
997,998,Karon Bourke,L3MMKEVo,kbourkerp@soundcloud.com,,Tadjoura,159 Holy Cross Parkway,2017-03-29
998,999,Stuart Habbema,2lFgfr,shabbemarq@slashdot.org,,Narok,51 Dahle Circle,2017-01-30
999,1000,Laurens Dibley,y3C5TFyU,ldibleyrr@patch.com,,Boju,31935 Lyons Crossing,2017-10-19
